path,size,sha256
msg\us\al.bar,54127,701ce5a10f375935e3907d4b97436e9570816362e00a7c30c79fa3d610483363
msg\us\bb.bar,57623,3adfd145df096fc939c33820a29e85acb8f27cfe087aff8ca396ed542ba04d26
msg\us\ca.bar,62388,ae9c3522195f3995d3442fa7359866317fb0a9a185dd95abd2d01635825fce7c
msg\us\dc.bar,43175,7d259d64e904d53d06531aadd044641a7c628ac58268189d5c4861c7cf6586ad
msg\us\di.bar,35400,73c58919de218836d712ff9d6c018e8773c1b926e32ac905545195bfd2c85b18
msg\us\eh.bar,62706,243aefba7fcd8727b2a7849563bcd0496643c5d21a371952c1400b7e923ae500
msg\us\es.bar,36223,9928a5372975965dc5af8a2882dafe0a826be30a7988f55eeb93ab421f76a1cd
msg\us\fontimage.bar,238720,a4900f84518c8e927de37d93f4df2ba1398121c1d81dc714b47fd1215784221a
msg\us\fontinfo.bar,43284,64fdb0ce9e04b8aa008b140a4a9cee82266b2b99e1808e5c7994aad872a06b6e
msg\us\gumi.bar,34396,a0cfa1744ee0ae80e007ba280bd793c01816ac1ecaed3001a43165349c754b8b
msg\us\hb.bar,79903,51e1ed9327706ecbaeefab5bc6641e578d22e6ea74ba705d09d3e95279314d7e
msg\us\he.bar,66113,b4e154be72f7d3b191aac6676bca021058d9147769093a22057b4af49a269413
msg\us\jm.bar,170572,fccee11e5f08217a7f4723224248b1e0aaeb0a10091535832861de8b340193a8
msg\us\lk.bar,56766,07727c7761137c62eaa679d1db0eb0bfa62284df29394f66ced5c92be581c131
msg\us\lm.bar,62457,50f56b1f5b0608fb4152cf880c1af8535011af759bc522814907c87305f18012
msg\us\mu.bar,56134,d7ad43e19402bee7cf5b3c8d6c27b94ed9570c9bdab1f15bd7c5cad46f6a2e2f
msg\us\nm.bar,61770,59c0cc5a84ec28a27152571b0f46dabfbd5cd9d1b27070cad8e27c344dbfbe26
msg\us\po.bar,51535,1decf7d58bb1e5625152ba7c0da49de98ef63f290373d1e8eb2ea53593cd2f23
msg\us\sys.bar,103315,075f6818ffcf24c9e56e5684bec23b0f7a16dc41822834b085b99f5bf4d08863
msg\us\title.bar,15576,436c6ee274fba0b79da71fc26ed0b6e4f82821d1c4752528a9c939cd96e482f5
msg\us\tr.bar,49523,7e5ac067de366fea03a52dc5761d8be9a532edadd0d6c9743ca4b20a8173e56d
msg\us\tt.bar,118283,3dd6d9dfbdf22428506cf43c69ac3b34a1bb56b7c9a10c7b1ea0a407a0468978
msg\us\wi.bar,46388,fd3e57c63ed17b4d007102cfba3f616b059e8873dc1046c112d6bc9c506caf6a
msg\us\wm.bar,41899,975b9d78c0c3ea3267538b4ee23262dc47394c8035334fe2c06d9f7bddf47ae8
remastered\event\layout\us\lm_telop.2ld\US_lm_telop_2ld0.png,304580,1e8bfbe102d956179307460c0be25cfca8eeba8a19c6065f236dd3acd8227331
remastered\field2d\us\al0command.2dd\US_al0command_2dd0.png,372486,897c92d270f9d5a81e72a23f0288a1eefe219db4e4927c8f5dfd14daa001c22c
remastered\field2d\us\al0field.2dd\US_al0field_2dd0.png,434115,5444a736df64da48b0084af4bc58196d27a29da9c9026052a5145fc6d35413b4
remastered\field2d\us\al0field.2dd\US_al0field_2dd1.png,108244,4ef0c9bb2a030294ff77606f640caea6f89a9289d58280e84f6f3cf9c7a88621
remastered\field2d\us\bb0command.2dd\US_bb0command_2dd0.png,360777,9b79853393ca78ffab6828eb28522fc0574811b75d99eb9323796ad1643d143f
remastered\field2d\us\bb0field.2dd\US_bb0field_2dd0.png,434115,5444a736df64da48b0084af4bc58196d27a29da9c9026052a5145fc6d35413b4
remastered\field2d\us\bb0field.2dd\US_bb0field_2dd1.png,108244,4ef0c9bb2a030294ff77606f640caea6f89a9289d58280e84f6f3cf9c7a88621
remastered\field2d\us\ca0command.2dd\US_ca0command_2dd0.png,505138,ab513f3e4b0d38507880a5990fbfe67446d2fa151c25b29b7d3bb3c69360b616
remastered\field2d\us\ca0field.2dd\US_ca0field_2dd0.png,434115,5444a736df64da48b0084af4bc58196d27a29da9c9026052a5145fc6d35413b4
remastered\field2d\us\ca0field.2dd\US_ca0field_2dd1.png,107930,ac5b204cc6ad92d6810052fdf8f2e3af8003b60d1860d300dff28d7fde209a96
remastered\field2d\us\dc0command.2dd\US_dc0command_2dd0.png,228829,c628395ef197aed9deed726f35e82bcc82fc3bf7928ecbc03a825e7df2746377
remastered\field2d\us\dc0field.2dd\US_dc0field_2dd0.png,434115,5444a736df64da48b0084af4bc58196d27a29da9c9026052a5145fc6d35413b4
remastered\field2d\us\dc0field.2dd\US_dc0field_2dd1.png,108244,4ef0c9bb2a030294ff77606f640caea6f89a9289d58280e84f6f3cf9c7a88621
remastered\field2d\us\dc1command.2dd\US_dc1command_2dd0.png,308237,a5dabf48a5409c762d21d96390b890684380755e1cc49c29d43f15db29d3c01d
remastered\field2d\us\di0command.2dd\US_di0command_2dd0.dds,2097280,3140f468b9b319b7125d6d9364fc9ac6610ae13eab5eea40edea64b2ec7e1d8a
remastered\field2d\us\di0field.2dd\US_di0field_2dd0.png,434115,5444a736df64da48b0084af4bc58196d27a29da9c9026052a5145fc6d35413b4
remastered\field2d\us\di0field.2dd\US_di0field_2dd1.png,108244,4ef0c9bb2a030294ff77606f640caea6f89a9289d58280e84f6f3cf9c7a88621
remastered\field2d\us\eh0command.2dd\US_eh0command_2dd0.png,267489,c5636269adcbeebcf7cf20e1e56271ee2330d171a82273162cd1a95c6cf61e71
remastered\field2d\us\eh0field.2dd\US_eh0field_2dd0.png,434115,5444a736df64da48b0084af4bc58196d27a29da9c9026052a5145fc6d35413b4
remastered\field2d\us\eh0field.2dd\US_eh0field_2dd1.png,108244,4ef0c9bb2a030294ff77606f640caea6f89a9289d58280e84f6f3cf9c7a88621
remastered\field2d\us\eh1command.2dd\US_eh1command_2dd0.png,40371,b6140b3f7d234a26dbe073d1350641b186f3ef01f90ec97ebabb9e57bfb78211
remastered\field2d\us\es0field.2dd\US_es0field_2dd0.png,434115,5444a736df64da48b0084af4bc58196d27a29da9c9026052a5145fc6d35413b4
remastered\field2d\us\es0field.2dd\US_es0field_2dd1.png,108244,4ef0c9bb2a030294ff77606f640caea6f89a9289d58280e84f6f3cf9c7a88621
remastered\field2d\us\hb0command.2dd\US_hb0command_2dd0.png,346843,9e01315aea5ff335e5211abf4cb2af44ed30de8e518e576859b23f8d232b8278
remastered\field2d\us\hb0field.2dd\US_hb0field_2dd0.png,434115,5444a736df64da48b0084af4bc58196d27a29da9c9026052a5145fc6d35413b4
remastered\field2d\us\hb0field.2dd\US_hb0field_2dd1.png,108244,4ef0c9bb2a030294ff77606f640caea6f89a9289d58280e84f6f3cf9c7a88621
remastered\field2d\us\hb1command.2dd\US_hb1command_2dd0.png,271290,b2fedd3bc15a99c5ab5f93adc2b6d9f8e9083afcce0678626cf282967b623ef5
remastered\field2d\us\hb2command.2dd\US_hb2command_2dd0.png,291019,9b30311e2edf66ceb16cb447a9186e2efa5968fb177c911b0a59d26a2f22803b
remastered\field2d\us\he0command.2dd\US_he0command_2dd0.png,442783,1295d78f2963db25a5c783672ff4dfdd528a508f4edee4bc63b80f0b29423607
remastered\field2d\us\he0field.2dd\US_he0field_2dd0.png,434115,5444a736df64da48b0084af4bc58196d27a29da9c9026052a5145fc6d35413b4
remastered\field2d\us\he0field.2dd\US_he0field_2dd1.png,108244,4ef0c9bb2a030294ff77606f640caea6f89a9289d58280e84f6f3cf9c7a88621
remastered\field2d\us\he1command.2dd\US_he1command_2dd0.png,499017,3af972857bc0fe79aad4963c14c7ea3891a9b820313b34a7620c777edf32533c
remastered\field2d\us\lk0command.2dd\US_lk0command_2dd0.png,480492,45018cb360908abbbaf3f5a785c53ea32eee7c4a7ef40a31f039067c647bfd2e
remastered\field2d\us\lk0field.2dd\US_lk0field_2dd0.png,434115,5444a736df64da48b0084af4bc58196d27a29da9c9026052a5145fc6d35413b4
remastered\field2d\us\lk0field.2dd\US_lk0field_2dd1.png,108244,4ef0c9bb2a030294ff77606f640caea6f89a9289d58280e84f6f3cf9c7a88621
remastered\field2d\us\lm0field.2dd\US_lm0field_2dd0.png,434115,5444a736df64da48b0084af4bc58196d27a29da9c9026052a5145fc6d35413b4
remastered\field2d\us\lm0field.2dd\US_lm0field_2dd1.png,108244,4ef0c9bb2a030294ff77606f640caea6f89a9289d58280e84f6f3cf9c7a88621
remastered\field2d\us\mu0command.2dd\US_mu0command_2dd0.png,369868,ea8284f5b9c5de6692265c4db7ce94bd3add389d14d88d48fd353c5c6db21871
remastered\field2d\us\mu0field.2dd\US_mu0field_2dd0.png,417527,c403e505709d8270ce369b60059585be95ca725d07a08ae5fa4de776306fc54d
remastered\field2d\us\mu0field.2dd\US_mu0field_2dd1.png,108244,4ef0c9bb2a030294ff77606f640caea6f89a9289d58280e84f6f3cf9c7a88621
remastered\field2d\us\nm0command.2dd\US_nm0command_2dd0.png,581664,20207e6e6a285ee85168308a29d0e456abff655e5d7668d05ae7eeba5b25df78
remastered\field2d\us\nm0field.2dd\US_nm0field_2dd0.png,423579,6f4d6b2a453b802b8e105ff088988ec9cab4e1d208d2021a02462ec2c5381384
remastered\field2d\us\nm0field.2dd\US_nm0field_2dd1.png,108244,4ef0c9bb2a030294ff77606f640caea6f89a9289d58280e84f6f3cf9c7a88621
remastered\field2d\us\nm1command.2dd\US_nm1command_2dd0.png,367077,7831890c8497b4ec4535a9fa9dacc9250d64e8b89e4e92d5f06752d161c2b69a
remastered\field2d\us\po0field.2dd\US_po0field_2dd0.png,417527,c403e505709d8270ce369b60059585be95ca725d07a08ae5fa4de776306fc54d
remastered\field2d\us\po0field.2dd\US_po0field_2dd1.png,108244,4ef0c9bb2a030294ff77606f640caea6f89a9289d58280e84f6f3cf9c7a88621
remastered\field2d\us\tr0command.2dd\US_tr0command_2dd0.png,185888,94eb3b83a0a5782b15ab470dcdb57b5c8728579226576645c52340601f37e893
remastered\field2d\us\tr0field.2dd\US_tr0field_2dd0.png,417527,c403e505709d8270ce369b60059585be95ca725d07a08ae5fa4de776306fc54d
remastered\field2d\us\tr0field.2dd\US_tr0field_2dd1.png,105099,3ac5f5cee76a24fb7f601c45fdea58310261d28cc6f57d513f0b754e46d67f47
remastered\field2d\us\tt0command.2dd\US_tt0command_2dd0.png,273826,77553cffbd60e36d070256edce7b04bbd27fff3c1bc4faa447f32d3e1207fb04
remastered\field2d\us\tt0field.2dd\US_tt0field_2dd0.png,417527,c403e505709d8270ce369b60059585be95ca725d07a08ae5fa4de776306fc54d
remastered\field2d\us\tt0field.2dd\US_tt0field_2dd1.png,108244,4ef0c9bb2a030294ff77606f640caea6f89a9289d58280e84f6f3cf9c7a88621
remastered\field2d\us\tt1command.2dd\US_tt1command_2dd0.png,40371,b6140b3f7d234a26dbe073d1350641b186f3ef01f90ec97ebabb9e57bfb78211
remastered\field2d\us\tt2command.2dd\US_tt2command_2dd0.png,238860,25728806f77fb020c61572ce9602c458b7a567cfa09b3235cf91c695b5838614
remastered\field2d\us\tt3command.2dd\US_tt3command_2dd0.png,231037,9e0f466044e80c543a542ecf2a39d2cc37e4e95111fb1e5030d0fe24bb50caca
remastered\field2d\us\tt4command.2dd\US_tt4command_2dd0.png,159836,463c6e02159c48490d2abbf5efd4115dc80ea490031d55a561a7b0471e3bd33d
remastered\field2d\us\tt5command.2dd\US_tt5command_2dd0.png,263135,6a272f5f65ec54891080e0aa13c3becc40d6394898b6e73e2101ddbd82a5efae
remastered\field2d\us\tt6command.2dd\US_tt6command_2dd0.png,99537,deb96ff79f8370ccb2b2a56f1acd8ff8f1c7d7ec7d75839197f862b152c98522
remastered\field2d\us\wi0field.2dd\US_wi0field_2dd0.png,417527,c403e505709d8270ce369b60059585be95ca725d07a08ae5fa4de776306fc54d
remastered\field2d\us\wi0field.2dd\US_wi0field_2dd1.png,101738,13d7165427475b80d1359b9bac4c14e3ed0326c9371aa8dc1db59964a00474f1
remastered\field2d\us\wm0command.2dd\US_wm0command_2dd0.png,99537,deb96ff79f8370ccb2b2a56f1acd8ff8f1c7d7ec7d75839197f862b152c98522
remastered\field2d\us\wm0field.2dd\US_wm0field_2dd0.png,417527,c403e505709d8270ce369b60059585be95ca725d07a08ae5fa4de776306fc54d
remastered\field2d\us\wm0field.2dd\US_wm0field_2dd1.png,108244,4ef0c9bb2a030294ff77606f640caea6f89a9289d58280e84f6f3cf9c7a88621
remastered\field2d\us\zz0command.2dd\US_zz0command_2dd0.png,86631,5df913c0c1fcb47228c57843586067d8bbd824b268e040668cde3356cb3a7d08
remastered\field2d\us\zz0field.2dd\US_zz0field_2dd0.png,417527,c403e505709d8270ce369b60059585be95ca725d07a08ae5fa4de776306fc54d
remastered\field2d\us\zz0field.2dd\US_zz0field_2dd1.png,108244,4ef0c9bb2a030294ff77606f640caea6f89a9289d58280e84f6f3cf9c7a88621
remastered\file\us\gm_ps.2ld\US_gm_ps_2ld0.dds,65664,b8cfd6954638f0fe54f14f24b8332a83e01db855c42315905448b9c135fe5fee
remastered\file\us\tt_pt.2ld\US_tt_pt_2ld0.png,223279,46343bec89d6e06c17f94fd3d13163f4626c12a9e76230ceb58cdfb2d323f99e
remastered\gumibattle\advice\us\advice_000.imz\US_advice_000_imz0.png,482008,052399342384cdb154bcf401489857c55e7bac5b70b4ea7e38aa2c710f201322
remastered\gumibattle\advice\us\advice_001.imz\US_advice_001_imz0.png,454886,15329f754a1a51ce0c5d200341eff8e6cc67a43b1a7f271d0bf270824ff23058
remastered\gumibattle\advice\us\advice_002.imz\US_advice_002_imz0.png,481012,893f600eb01ab6ceb57c6f401d0d4d65b11ee15ba6912d09c3d6044ae7d6e091
remastered\gumibattle\advice\us\advice_003.imz\US_advice_003_imz0.png,390786,c34ce880d70ea6b8e71fcdd9ca08e968947f91da1e3740a80ca98395ce7dfbbd
remastered\gumibattle\advice\us\advice_004.imz\US_advice_004_imz0.png,518507,960825043d2958a71f8a77d9abfdd44bc566b9fb0c7d87baa6813900f6eee7dc
remastered\gumibattle\advice\us\advice_005.imz\US_advice_005_imz0.png,427844,7918a015bc821be1f70f061de9cf8438ec50cf850fc460a09268449963fe1add
remastered\gumibattle\advice\us\advice_006.imz\US_advice_006_imz0.png,219296,837ddb6bbb5d7aaf63abe0a7728c3e8b456e4e34b79e5a8f31bbcfb56542164e
remastered\gumibattle\advice\us\advice_007.imz\US_advice_007_imz0.png,190964,90462699d4815b1cfb16444e10cf4efcdab0b92e404364e0b3e2fb557a3e5a6f
remastered\gumibattle\advice\us\advice_008.imz\US_advice_008_imz0.png,437538,55ad805869be9ef5eaa31509625c6cd3119ef1600fd102774b4ae797b48b4f20
remastered\gumibattle\advice\us\advice_009.imz\US_advice_009_imz0.png,458871,75e5d53d00293fa84042bcdb26ce143b6bbb71f86a3319820706d3053991dcad
remastered\gumibattle\advice\us\advice_010.imz\US_advice_010_imz0.png,418429,5ead978405adcd42ad17991cf2b951e0d12682a42644a2f5dc28c04ae4167a0e
remastered\gumibattle\advice\us\advice_011.imz\US_advice_011_imz0.png,434642,e10aae3490fe9838236866d4156046e72ad385942990c1a2b5a6164dc4c47867
remastered\gumibattle\advice\us\advice_012.imz\US_advice_012_imz0.png,471050,0178cba07ffbe88246a3be89aaa9f4ba23a45dde819e952b54c78eb7294362a0
remastered\gumibattle\advice\us\advice_013.imz\US_advice_013_imz0.png,380138,06f21b270ece47907beb193581443d90194139899af3798acde3dafa4101f6ce
remastered\gumibattle\advice\us\advice_014.imz\US_advice_014_imz0.png,590320,8485ae7af063bcc28518150c3703e18474ac006d38a6c454c518941fcc87be7a
remastered\gumibattle\advice\us\advice_015.imz\US_advice_015_imz0.png,460951,d41eeae1a9a2dddec5fc85995c647e5f8ddddcac1260d1071ef9eb0847302956
remastered\gumibattle\advice\us\advice_016.imz\US_advice_016_imz0.png,560650,02a621c87ea351ece4dd523aeb4fb4b6ba742d940416687a7aa38464f64333f9
remastered\gumibattle\advice\us\advice_017.imz\US_advice_017_imz0.png,531347,9509c962c06f079a48c88d00f8288bdc0fe01f4f716bc5d3430fef3646abd499
remastered\gumibattle\advice\us\advice_018.imz\US_advice_018_imz0.png,557523,8beae6a6f5e6d1ce157cc663b9ca7965b414f61e567337504b5867a0880b8fff
remastered\gumibattle\advice\us\advice_019.imz\US_advice_019_imz0.png,497283,81a2b9ab672e4de9a7ef320952416715e9348e911bd097972922090235368923
remastered\gumibattle\advice\us\advice_020.imz\US_advice_020_imz0.png,450876,01e02fad0902de93ac9c22ccbe399e7048145400d43fa5a1d8ae4009cda689b9
remastered\gumibattle\advice\us\advice_021.imz\US_advice_021_imz0.png,506092,6850727fde35713e185db59b8aa1c4e1056815d524b27cfeae0e8cbb7ec0c1cc
remastered\gumibattle\advice\us\advice_030.imz\US_advice_030_imz0.png,193020,a788ff6df724066270d415b84ea2d2338725840721c3ae8b031f063decf7c8e3
remastered\gumibattle\advice\us\advice_031.imz\US_advice_031_imz0.png,174262,98e013e1b44717717f5565e0297d06a462361588225c85e879b3d97478bd2c30
remastered\gumibattle\advice\us\advice_033.imz\US_advice_033_imz0.png,205304,37578e9f26de24c6eef1a9b97477aa9b860ccf5efd7544b979c73df2291d2cbc
remastered\gumibattle\advice\us\advice_034.imz\US_advice_034_imz0.png,149759,e94cf86cb6317fddc67ce1a9488d75494b71f06fe0e3609cd57cb21118e55b26
remastered\gumibattle\advice\us\advice_040.imz\US_advice_040_imz0.png,184632,d03700529f53e13e59f62bb52eb525779f01bb567137a78c7e0b4628a1961440
remastered\gumimenu\us\gumimenu.bar\US_gumimenu_bar0.png,220307,011f60ea005217706ca60193a3c2e415f0aa589ebbc132c161c47303d839df29
remastered\gumimenu\us\gumimenu.bar\US_gumimenu_bar2.png,154550,6eb5c88d3834c39a49527c4a1f4986c3f774006af49e3f3e241160b9285bbe0a
remastered\gumimenu\us\gumimenu.bar\US_gumimenu_bar4.png,184530,f780e29326d9586b72508f1f27bf292e07e87073d62312324eb025c0a78aa1e3
remastered\gumimenu\us\gumimenu.bar\US_gumimenu_bar6.png,35753,0edad261df9551a3c00d3cdb874b99f8d0eca84931abf0fdcc97f075bb63417d
remastered\limit\us\aladdin.bar\US_aladdin_bar5.dds,2097280,58a9691eead612bcab636e6c87eec0a9450b02267a0d0b7cf2588a7c88e89f4e
remastered\limit\us\aladdin.bar\US_aladdin_bar6.dds,1048704,a01b02bccf8d53523adfa71fcad59306d2fdb21bb95b004cf9bd3a5cc3077470
remastered\limit\us\auron.bar\US_auron_bar10.dds,2097280,58a9691eead612bcab636e6c87eec0a9450b02267a0d0b7cf2588a7c88e89f4e
remastered\limit\us\auron.bar\US_auron_bar11.dds,1048704,a01b02bccf8d53523adfa71fcad59306d2fdb21bb95b004cf9bd3a5cc3077470
remastered\limit\us\beast.bar\US_beast_bar8.dds,2097280,58a9691eead612bcab636e6c87eec0a9450b02267a0d0b7cf2588a7c88e89f4e
remastered\limit\us\beast.bar\US_beast_bar9.dds,1048704,a01b02bccf8d53523adfa71fcad59306d2fdb21bb95b004cf9bd3a5cc3077470
remastered\limit\us\chickenlittle.bar\US_chickenlittle_bar0.dds,2097280,58a9691eead612bcab636e6c87eec0a9450b02267a0d0b7cf2588a7c88e89f4e
remastered\limit\us\chickenlittle.bar\US_chickenlittle_bar1.dds,1048704,a01b02bccf8d53523adfa71fcad59306d2fdb21bb95b004cf9bd3a5cc3077470
remastered\limit\us\donald.bar\US_donald_bar6.dds,2097280,58a9691eead612bcab636e6c87eec0a9450b02267a0d0b7cf2588a7c88e89f4e
remastered\limit\us\donald.bar\US_donald_bar7.dds,1048704,a01b02bccf8d53523adfa71fcad59306d2fdb21bb95b004cf9bd3a5cc3077470
remastered\limit\us\donald2.bar\US_donald2_bar6.dds,2097280,58a9691eead612bcab636e6c87eec0a9450b02267a0d0b7cf2588a7c88e89f4e
remastered\limit\us\donald2.bar\US_donald2_bar7.dds,1048704,a01b02bccf8d53523adfa71fcad59306d2fdb21bb95b004cf9bd3a5cc3077470
remastered\limit\us\donald2_wi.bar\US_donald2_wi_bar6.dds,2097280,58a9691eead612bcab636e6c87eec0a9450b02267a0d0b7cf2588a7c88e89f4e
remastered\limit\us\donald2_wi.bar\US_donald2_wi_bar7.dds,1048704,a01b02bccf8d53523adfa71fcad59306d2fdb21bb95b004cf9bd3a5cc3077470
remastered\limit\us\donald_wi.bar\US_donald_wi_bar6.dds,2097280,58a9691eead612bcab636e6c87eec0a9450b02267a0d0b7cf2588a7c88e89f4e
remastered\limit\us\donald_wi.bar\US_donald_wi_bar7.dds,1048704,a01b02bccf8d53523adfa71fcad59306d2fdb21bb95b004cf9bd3a5cc3077470
remastered\limit\us\genie_brave.bar\US_genie_brave_bar0.dds,2097280,58a9691eead612bcab636e6c87eec0a9450b02267a0d0b7cf2588a7c88e89f4e
remastered\limit\us\genie_brave.bar\US_genie_brave_bar1.dds,1048704,a01b02bccf8d53523adfa71fcad59306d2fdb21bb95b004cf9bd3a5cc3077470
remastered\limit\us\genie_final.bar\US_genie_final_bar0.dds,2097280,58a9691eead612bcab636e6c87eec0a9450b02267a0d0b7cf2588a7c88e89f4e
remastered\limit\us\genie_final.bar\US_genie_final_bar1.dds,1048704,a01b02bccf8d53523adfa71fcad59306d2fdb21bb95b004cf9bd3a5cc3077470
remastered\limit\us\genie_master.bar\US_genie_master_bar0.dds,2097280,58a9691eead612bcab636e6c87eec0a9450b02267a0d0b7cf2588a7c88e89f4e
remastered\limit\us\genie_master.bar\US_genie_master_bar1.dds,1048704,a01b02bccf8d53523adfa71fcad59306d2fdb21bb95b004cf9bd3a5cc3077470
remastered\limit\us\genie_wisdom.bar\US_genie_wisdom_bar0.dds,2097280,58a9691eead612bcab636e6c87eec0a9450b02267a0d0b7cf2588a7c88e89f4e
remastered\limit\us\genie_wisdom.bar\US_genie_wisdom_bar1.dds,1048704,a01b02bccf8d53523adfa71fcad59306d2fdb21bb95b004cf9bd3a5cc3077470
remastered\limit\us\goofy.bar\US_goofy_bar4.dds,2097280,58a9691eead612bcab636e6c87eec0a9450b02267a0d0b7cf2588a7c88e89f4e
remastered\limit\us\goofy.bar\US_goofy_bar5.dds,1048704,a01b02bccf8d53523adfa71fcad59306d2fdb21bb95b004cf9bd3a5cc3077470
remastered\limit\us\goofy2.bar\US_goofy2_bar6.dds,2097280,58a9691eead612bcab636e6c87eec0a9450b02267a0d0b7cf2588a7c88e89f4e
remastered\limit\us\goofy2.bar\US_goofy2_bar7.dds,1048704,a01b02bccf8d53523adfa71fcad59306d2fdb21bb95b004cf9bd3a5cc3077470
remastered\limit\us\goofy2_wi.bar\US_goofy2_wi_bar6.dds,2097280,58a9691eead612bcab636e6c87eec0a9450b02267a0d0b7cf2588a7c88e89f4e
remastered\limit\us\goofy2_wi.bar\US_goofy2_wi_bar7.dds,1048704,a01b02bccf8d53523adfa71fcad59306d2fdb21bb95b004cf9bd3a5cc3077470
remastered\limit\us\goofy_wi.bar\US_goofy_wi_bar4.dds,2097280,58a9691eead612bcab636e6c87eec0a9450b02267a0d0b7cf2588a7c88e89f4e
remastered\limit\us\goofy_wi.bar\US_goofy_wi_bar5.dds,1048704,a01b02bccf8d53523adfa71fcad59306d2fdb21bb95b004cf9bd3a5cc3077470
remastered\limit\us\jack.bar\US_jack_bar13.dds,2097280,58a9691eead612bcab636e6c87eec0a9450b02267a0d0b7cf2588a7c88e89f4e
remastered\limit\us\jack.bar\US_jack_bar14.dds,1048704,a01b02bccf8d53523adfa71fcad59306d2fdb21bb95b004cf9bd3a5cc3077470
remastered\limit\us\last_alcanam.bar\US_last_alcanam_bar0.dds,2097280,58a9691eead612bcab636e6c87eec0a9450b02267a0d0b7cf2588a7c88e89f4e
remastered\limit\us\last_alcanam.bar\US_last_alcanam_bar1.dds,1048704,a01b02bccf8d53523adfa71fcad59306d2fdb21bb95b004cf9bd3a5cc3077470
remastered\limit\us\mulan.bar\US_mulan_bar8.dds,2097280,93c2b8578b4f2511181c1f1418ffb1cd34dc559e9466417b9be55d5730aa6d41
remastered\limit\us\mulan.bar\US_mulan_bar9.dds,1048704,bd5b4cebded06575a52ae39615834f50624810748b3ce3ebb11e6e41d7106224
remastered\limit\us\peterpan.bar\US_peterpan_bar0.dds,2097280,93c2b8578b4f2511181c1f1418ffb1cd34dc559e9466417b9be55d5730aa6d41
remastered\limit\us\peterpan.bar\US_peterpan_bar1.dds,1048704,bd5b4cebded06575a52ae39615834f50624810748b3ce3ebb11e6e41d7106224
remastered\limit\us\ragnarok.bar\US_ragnarok_bar0.dds,2097280,93c2b8578b4f2511181c1f1418ffb1cd34dc559e9466417b9be55d5730aa6d41
remastered\limit\us\ragnarok.bar\US_ragnarok_bar1.dds,1048704,bd5b4cebded06575a52ae39615834f50624810748b3ce3ebb11e6e41d7106224
remastered\limit\us\riku.bar\US_riku_bar13.dds,2097280,93c2b8578b4f2511181c1f1418ffb1cd34dc559e9466417b9be55d5730aa6d41
remastered\limit\us\riku.bar\US_riku_bar14.dds,1048704,bd5b4cebded06575a52ae39615834f50624810748b3ce3ebb11e6e41d7106224
remastered\limit\us\simba.bar\US_simba_bar7.dds,2097280,93c2b8578b4f2511181c1f1418ffb1cd34dc559e9466417b9be55d5730aa6d41
remastered\limit\us\simba.bar\US_simba_bar8.dds,1048704,bd5b4cebded06575a52ae39615834f50624810748b3ce3ebb11e6e41d7106224
remastered\limit\us\sonic_rave.bar\US_sonic_rave_bar0.dds,2097280,93c2b8578b4f2511181c1f1418ffb1cd34dc559e9466417b9be55d5730aa6d41
remastered\limit\us\sonic_rave.bar\US_sonic_rave_bar1.dds,1048704,bd5b4cebded06575a52ae39615834f50624810748b3ce3ebb11e6e41d7106224
remastered\limit\us\sparrow.bar\US_sparrow_bar10.dds,1048704,bd5b4cebded06575a52ae39615834f50624810748b3ce3ebb11e6e41d7106224
remastered\limit\us\sparrow.bar\US_sparrow_bar9.dds,2097280,93c2b8578b4f2511181c1f1418ffb1cd34dc559e9466417b9be55d5730aa6d41
remastered\limit\us\stitch.bar\US_stitch_bar0.dds,2097280,93c2b8578b4f2511181c1f1418ffb1cd34dc559e9466417b9be55d5730aa6d41
remastered\limit\us\stitch.bar\US_stitch_bar1.dds,1048704,bd5b4cebded06575a52ae39615834f50624810748b3ce3ebb11e6e41d7106224
remastered\limit\us\strike_raid.bar\US_strike_raid_bar0.dds,2097280,93c2b8578b4f2511181c1f1418ffb1cd34dc559e9466417b9be55d5730aa6d41
remastered\limit\us\strike_raid.bar\US_strike_raid_bar1.dds,1048704,bd5b4cebded06575a52ae39615834f50624810748b3ce3ebb11e6e41d7106224
remastered\limit\us\trinity.bar\US_trinity_bar16.png,323456,9cb73c2c0d6248344c90a31ad2a64d8c027d22ebd3327fd0dd6ee7c547ee98c9
remastered\limit\us\trinity.bar\US_trinity_bar17.png,122634,484634b1d59933286a6996c17b04b9f751140373768ccdb0c946d960d0637139
remastered\limit\us\trinity_wi.bar\US_trinity_wi_bar16.dds,2097280,93c2b8578b4f2511181c1f1418ffb1cd34dc559e9466417b9be55d5730aa6d41
remastered\limit\us\trinity_wi.bar\US_trinity_wi_bar17.dds,1048704,bd5b4cebded06575a52ae39615834f50624810748b3ce3ebb11e6e41d7106224
remastered\limit\us\trinity_zz.bar\US_trinity_zz_bar1.dds,2097280,93c2b8578b4f2511181c1f1418ffb1cd34dc559e9466417b9be55d5730aa6d41
remastered\limit\us\trinity_zz.bar\US_trinity_zz_bar2.dds,1048704,bd5b4cebded06575a52ae39615834f50624810748b3ce3ebb11e6e41d7106224
remastered\limit\us\tron.bar\US_tron_bar7.dds,2097280,93c2b8578b4f2511181c1f1418ffb1cd34dc559e9466417b9be55d5730aa6d41
remastered\limit\us\tron.bar\US_tron_bar8.dds,1048704,bd5b4cebded06575a52ae39615834f50624810748b3ce3ebb11e6e41d7106224
remastered\map\us\al00.bar\US_al00_bar0.dds,2097280,8d7e70e7aae9e0a0fc33a9f1b827bad2e1c760c85a4641079b8b31737d4219a3
remastered\map\us\al01.bar\US_al01_bar0.dds,2097280,1246935b9a1b18710e38fbc6fb8da870bf1b05befe966e7cf2698c7c2426d699
remastered\map\us\al02.bar\US_al02_bar0.dds,2097280,8612cec5aaf1ba6f2c692b91a18c2f7b982358c8b2873f297c9fb5d0d7b7ceae
remastered\map\us\al03.bar\US_al03_bar0.dds,2097280,c06516e5b031409373e7e6ee10510794da3223034fe361f6a6bb1a7056bb52b4
remastered\map\us\al04.bar\US_al04_bar0.dds,2097280,74b2f223d43e36f1062f1c59373e70a31c326941a56cb3d862d893f0397225de
remastered\map\us\al05.bar\US_al05_bar0.dds,2097280,48d561668eb09e4a76446bbce45abc865e236ca687aefe1b1767cc9cc2eee7f8
remastered\map\us\al06.bar\US_al06_bar0.dds,2097280,a6ed3fab0c373ca1878cbdf11fdb3c6efdd38b2ff9f93a6ab63bda4b03963930
remastered\map\us\al07.bar\US_al07_bar0.dds,2097280,26288f54b26967617dcb63feb343bdb7e9a4348a1c7c7a068559b28354cb1353
remastered\map\us\al09.bar\US_al09_bar0.dds,2097280,6840c1e8134b7dfa195bd62cc6807a3c322cacc010aaf085770b441312c39d18
remastered\map\us\al10.bar\US_al10_bar0.dds,2097280,27047edff1084a503bd66e62edad3a0fc3c7e9b37c9a12a7f7e25738dad25063
remastered\map\us\al11.bar\US_al11_bar0.dds,2097280,71b782d465632d70d702ccf1448a6b0d2179f17f0f5d5237a6f792e71b2c4758
remastered\map\us\al12.bar\US_al12_bar0.dds,2097280,4c90f3d9aeedac8f934de9e6962d4cb1f62943588f4db922d00321b6cfca121d
remastered\map\us\al13.bar\US_al13_bar0.dds,2097280,d50e88932d8d6fdef355343227a8890d17b89f0b19c6a7927e30fbbbf4140dbc
remastered\map\us\al14.bar\US_al14_bar0.dds,2097280,6346a8d1f553e6413c4572fcd361de1e2a2d820763435f309af170a153466140
remastered\map\us\al15.bar\US_al15_bar0.dds,2097280,8612cec5aaf1ba6f2c692b91a18c2f7b982358c8b2873f297c9fb5d0d7b7ceae
remastered\map\us\bb00.bar\US_bb00_bar0.dds,2097280,685a72f6b6955c1e4feccc0797eac49d449588259ed2b29684b7ea9163c27e73
remastered\map\us\bb01.bar\US_bb01_bar0.dds,2097280,a8b1efc6abc98826b42c7013d7684f352c0f344e23f57a4607b6c30a09ac0521
remastered\map\us\bb02.bar\US_bb02_bar0.dds,2097280,7fe9b36490816bbe1b5f82dd91f91d65d8742cc50c4f3dfbb75d7d1a37272699
remastered\map\us\bb03.bar\US_bb03_bar0.dds,2097280,a45b26e5ea5115acd569ffea31a0a85d27a7d2b3dfc38df4b0aca2a356cc84b6
remastered\map\us\bb04.bar\US_bb04_bar0.dds,2097280,b9ee7407322f2af02602098c718ed8b45522554847795c0822b02fbc7b182459
remastered\map\us\bb05.bar\US_bb05_bar0.dds,2097280,b9ee7407322f2af02602098c718ed8b45522554847795c0822b02fbc7b182459
remastered\map\us\bb06.bar\US_bb06_bar0.dds,2097280,42a149eccf2ca22ba9a0112c5dba42a8c9eadd7be8ae5aff847a939a897f8b28
remastered\map\us\bb07.bar\US_bb07_bar0.dds,2097280,2251fda627e103c6047129f0a1163ad5918e2d00d417f87b320b9cbe5c8a99ac
remastered\map\us\bb08.bar\US_bb08_bar0.dds,2097280,f0bd14c245f3e08c6f9c2bdd95da94358ea01d42b84727236aeb68d7c2761697
remastered\map\us\bb09.bar\US_bb09_bar0.dds,2097280,7532cc6123309c45980d482c0b3e46b16fd26b41d35aae85edaaee0765787c0e
remastered\map\us\bb10.bar\US_bb10_bar0.dds,2097280,896a90c234ce59fa12200b3c448651bd82713d23889b8de70ec0f1efdabb448f
remastered\map\us\bb11.bar\US_bb11_bar0.dds,2097280,bb3e38c69eb2f90fd39ee9ff8e0c0c2f07e1bacf3a0b1b520d65112cb8e7caf6
remastered\map\us\bb12.bar\US_bb12_bar0.dds,2097280,362102d079746cb97c31b3cfb24f3bb6630cc81f3924cd38eed8a076cdea2613
remastered\map\us\bb13.bar\US_bb13_bar0.dds,2097280,1f8a572fc1525c24b34a4cbda17913c1331d2b42e8f664c790bbb3ce44876c51
remastered\map\us\bb14.bar\US_bb14_bar0.dds,2097280,b9ee7407322f2af02602098c718ed8b45522554847795c0822b02fbc7b182459
remastered\map\us\ca00.bar\US_ca00_bar0.dds,2097280,594b17aa46fd6f23dc2ef642ae224549d82f71b0534213492fb22457d928ba5a
remastered\map\us\ca01.bar\US_ca01_bar0.dds,2097280,12ceb24ec411750d45594e58b9a51b087187504325cb31db99809ffea2742f20
remastered\map\us\ca02.bar\US_ca02_bar0.dds,2097280,1deb8d3e97ffd5f8d55a8be01256ac8bc2f8722686f9229603feccfbdd65db1a
remastered\map\us\ca03.bar\US_ca03_bar0.dds,2097280,755c9a372867e99a082ec973c6f119c84c4b4197455461116ec84b26e7b4b10c
remastered\map\us\ca04.bar\US_ca04_bar0.dds,2097280,bffa268f0cd967b9c80e91f45711466753401616e0dbac5b74b1fc89ea7606e8
remastered\map\us\ca05.bar\US_ca05_bar0.dds,2097280,765a623185ae8a675a7f235f0458dbc1981bafaaa3b2ce07750d2e62973f5698
remastered\map\us\ca06.bar\US_ca06_bar0.dds,2097280,bb45d09aa7a1cb6341d212edc455c619e2a8672b1342ca470dfb7f2901d137a3
remastered\map\us\ca07.bar\US_ca07_bar0.dds,2097280,755c9a372867e99a082ec973c6f119c84c4b4197455461116ec84b26e7b4b10c
remastered\map\us\ca08.bar\US_ca08_bar0.dds,2097280,b3cf4994940a4d3a807c1ada393f025ba3d03a2d0d382b728eb5c0163fa613d3
remastered\map\us\ca09.bar\US_ca09_bar0.dds,2097280,eee7e9c6f1353032eb9e2bdde74a086c0e706f983f83638d457249e125617690
remastered\map\us\ca10.bar\US_ca10_bar0.dds,2097280,978ffc91326cad93398a3c995c16eeb717f0a5abbd3c5945d5fa6981bfeb8554
remastered\map\us\ca11.bar\US_ca11_bar0.dds,2097280,f95411306f90bda5278d23c9894df119a26b073f049278a8b110267fed7b727a
remastered\map\us\ca12.bar\US_ca12_bar0.dds,2097280,40d7135d499097df793829fd481838afdef39f86a29378df61efc11898465ea7
remastered\map\us\ca13.bar\US_ca13_bar0.dds,2097280,098904f99a6ebeffcb38c1adddf3550bfe5b7f78ade9598d8462d40e6bad33f0
remastered\map\us\ca14.bar\US_ca14_bar0.dds,2097280,ec7aa6bb564a0430f2fad0759f15e6afa1d4eeb4aff8517bdfd878d5f1ca2814
remastered\map\us\ca15.bar\US_ca15_bar0.dds,2097280,7da77a2cee79f364714e4810c6f3272ebba25d4a98ba128858af351cf0cd422e
remastered\map\us\ca16.bar\US_ca16_bar0.dds,2097280,b3cf4994940a4d3a807c1ada393f025ba3d03a2d0d382b728eb5c0163fa613d3
remastered\map\us\dc00.bar\US_dc00_bar0.dds,2097280,791bdd7fdc8fa3d2617ef8a81aa23174efa159463086b6067eebc82938296c8f
remastered\map\us\dc01.bar\US_dc01_bar0.dds,2097280,c18f1a059793bf6c87103847dcf673056d72326ab1214ba1ff3f23a44752f115
remastered\map\us\dc02.bar\US_dc02_bar0.dds,2097280,b9dcc420c15e3334d3d222310612a1f7f173772764801710992b7ffa47ab6a5c
remastered\map\us\dc03.bar\US_dc03_bar0.dds,2097280,53f5b021f7777ceb948a75f12de6c75cfbe23bcf301827bc1c04e64b00605db5
remastered\map\us\dc04.bar\US_dc04_bar0.dds,2097280,9b9bf9d14a1c1cda2147ee4d30bed9c07407c3277dbdeeab24a6b5003d3493b9
remastered\map\us\dc05.bar\US_dc05_bar0.dds,2097280,9b9bf9d14a1c1cda2147ee4d30bed9c07407c3277dbdeeab24a6b5003d3493b9
remastered\map\us\dc06.bar\US_dc06_bar0.dds,2097280,fea8264dfd0b87f5a217e964792a413b869ec6055fcd6105fce56a636736bc2d
remastered\map\us\dc07.bar\US_dc07_bar0.dds,2097280,972f488ad8bf45c474053566e67d97e681379de1ac5c053a721ee472be755a07
remastered\map\us\eh00.bar\US_eh00_bar0.dds,2097280,9a0c22169f271e8e007b075a5463aa8697c5102262ebce58d392e843f0f99341
remastered\map\us\eh01.bar\US_eh01_bar0.dds,2097280,def500b31805cc0d64434e85e0688a3fe7a330c625b60232f8eafb363cfc27b9
remastered\map\us\eh02.bar\US_eh02_bar0.dds,2097280,96943c270dc3c590f1e524cdcaa5c612d39a1902d517ca36d9d922946b86f6e9
remastered\map\us\eh03.bar\US_eh03_bar0.dds,2097280,a00f09ca3e0f139dfe9c8f6700b90c97913134b849c4d0e89aed9efb7cb028b2
remastered\map\us\eh04.bar\US_eh04_bar0.dds,2097280,6bd8b1e51441a79db898729455c9d9fea1f78cac57d267198e219fce2e3bfcf4
remastered\map\us\eh05.bar\US_eh05_bar0.dds,2097280,011cba0f2eec24ff1d52016d8a9cfa9484e215b437957ef3810b0def5bb4b5cb
remastered\map\us\eh06.bar\US_eh06_bar0.dds,2097280,eab00ecb5a01e30e510539323029229b7aa5fc6096b1cd67d92d03f55eda53e1
remastered\map\us\eh07.bar\US_eh07_bar0.dds,2097280,2080479aaa4d7d3f8075f4430ca5a289a2c9fab9933d60293f8beabab5f0369a
remastered\map\us\eh08.bar\US_eh08_bar0.dds,2097280,2080479aaa4d7d3f8075f4430ca5a289a2c9fab9933d60293f8beabab5f0369a
remastered\map\us\eh09.bar\US_eh09_bar0.dds,2097280,5016cb36bd5d4cc538a39ca692f66a998c2e3d2fa2d1862445439e3111203537
remastered\map\us\eh10.bar\US_eh10_bar0.dds,2097280,9693ac4920c84ffb73a8d15f6ce9883508b618467246f6f3665977d66321445e
remastered\map\us\eh11.bar\US_eh11_bar0.dds,2097280,9693ac4920c84ffb73a8d15f6ce9883508b618467246f6f3665977d66321445e
remastered\map\us\eh12.bar\US_eh12_bar0.dds,2097280,ff7b743739b9e5be55597ebc6ef7ef3ad0f3270dafa7151ebb4bf61e1fd23293
remastered\map\us\eh13.bar\US_eh13_bar0.dds,2097280,24a6995da0b70c70223d4d199345e19bff463100ea771e543a7bce1beb7a67a5
remastered\map\us\eh14.bar\US_eh14_bar0.dds,2097280,4cdccb569520b2351135e427726ceceb0fc5334dc5894463df762cf009db224e
remastered\map\us\eh15.bar\US_eh15_bar0.dds,2097280,b415b65a1bf3f09dd1a0d1fa51b9c4d81729b0dfcf022abeaf5b88467b6c5b5d
remastered\map\us\eh16.bar\US_eh16_bar0.dds,2097280,2e1f1d208e1cfdc124f2a9788be14f63e4062f8973990c66771ca5d3296cb0a6
remastered\map\us\eh17.bar\US_eh17_bar0.dds,2097280,42034a527c02e9d1ec302a2d0eb36123c7ead017511fc42b0b961c77af3ef1f6
remastered\map\us\eh18.bar\US_eh18_bar0.dds,2097280,399727156409e38c2cd44c680f1b217545cd1421a34e2bc2db5fd9ac221ba416
remastered\map\us\eh19.bar\US_eh19_bar0.dds,2097280,7d102c1b60a7d820ebe03045f505a1efd16e0ceaf8d31f0e1c1b53b4ff4d6abc
remastered\map\us\eh20.bar\US_eh20_bar0.dds,2097280,fa1522e5c1e274d2b309fae514ebd351045c709da041ef1759b1c75cbf8d79c8
remastered\map\us\eh21.bar\US_eh21_bar0.dds,2097280,fa1522e5c1e274d2b309fae514ebd351045c709da041ef1759b1c75cbf8d79c8
remastered\map\us\eh22.bar\US_eh22_bar0.dds,2097280,7308ac587c914ea9159b52cb6675d112ed2e02b87d4087f6a5c68e6eda6c2dc6
remastered\map\us\hb00.bar\US_hb00_bar0.dds,4194432,efb45b2bd9d063b324aca0e25a70178e1a0ca9b4c7895d592848f31806ab63f4
remastered\map\us\hb01.bar\US_hb01_bar0.dds,4194432,76e83ef409ed18058ffe0521673e044d30f1833676c7371b802b137e5894af4a
remastered\map\us\hb02.bar\US_hb02_bar0.dds,4194432,d94a2476a553b20d5b9013d32dae3dd6a2672e75c028ad0019d281aed1e13d29
remastered\map\us\hb03.bar\US_hb03_bar0.dds,4194432,8f6e8281c31c93bcb19dc204e9a2696154e3224760ec078d0add2966f3b6b813
remastered\map\us\hb04.bar\US_hb04_bar0.dds,4194432,0d1b259f1e2a6507ac03267363e20b5e893b090236a52b1a5cebf6763a5d76fe
remastered\map\us\hb05.bar\US_hb05_bar0.dds,4194432,768c2b8acb8b5fc819cbbfccda1b21d2e79d3b942def3d959d3c4ab4aff28b99
remastered\map\us\hb06.bar\US_hb06_bar0.dds,4194432,4f7af6d450b0bb133c82e7b131219f19080e273571b842eb35afaa791efc9226
remastered\map\us\hb07.bar\US_hb07_bar0.dds,4194432,4a1d679505acd9c7e5ca445b2a0fac082897279cfac299ec129c3dec74df084e
remastered\map\us\hb08.bar\US_hb08_bar0.dds,4194432,7c53f1a5ca2cc49d92c386b22c10ec2ae49d723d3d56fd8decba08a85c4dcd15
remastered\map\us\hb09.bar\US_hb09_bar0.dds,4194432,57284ac039244de0f76f2e8b69c0b9ca7cdcff2407326f1e57f29f7b3cfc32a9
remastered\map\us\hb10.bar\US_hb10_bar0.dds,4194432,b6d9872afe62d8115f117e0abf6f02d14279c0be2ae22e3b778c8e599c571d28
remastered\map\us\hb11.bar\US_hb11_bar0.dds,4194432,c6dd5cde47965b88b1373169cc09b137024d098eb595bcaa65a78ffd9fb4b5c3
remastered\map\us\hb12.bar\US_hb12_bar0.dds,4194432,90f038fa1cc3c09cba1f199da53d4da31b9ea58331dabf850e4a8546eb93580e
remastered\map\us\hb13.bar\US_hb13_bar0.dds,4194432,ef17662a7ef505d006c76a6750b7aa8e506cf02c052e1a38cdc5ab1adafd8d00
remastered\map\us\hb14.bar\US_hb14_bar0.dds,4194432,9ccd8f5cea3cdd643594bf42856a73f72c53f3989bef9c5e011dd2ce6d5b7f8c
remastered\map\us\hb15.bar\US_hb15_bar0.dds,4194432,768c2b8acb8b5fc819cbbfccda1b21d2e79d3b942def3d959d3c4ab4aff28b99
remastered\map\us\hb16.bar\US_hb16_bar0.dds,4194432,09348cc1122d62221b5cad553346e3151e72d3e40ecb309715d2d3eb6eb8ffd1
remastered\map\us\hb17.bar\US_hb17_bar0.dds,4194432,d94a2476a553b20d5b9013d32dae3dd6a2672e75c028ad0019d281aed1e13d29
remastered\map\us\hb18.bar\US_hb18_bar0.dds,4194432,4a1d679505acd9c7e5ca445b2a0fac082897279cfac299ec129c3dec74df084e
remastered\map\us\hb19.bar\US_hb19_bar0.dds,4194432,7c53f1a5ca2cc49d92c386b22c10ec2ae49d723d3d56fd8decba08a85c4dcd15
remastered\map\us\hb20.bar\US_hb20_bar0.dds,4194432,c6dd5cde47965b88b1373169cc09b137024d098eb595bcaa65a78ffd9fb4b5c3
remastered\map\us\hb21.bar\US_hb21_bar0.dds,4194432,846ac75ee14dc306117f3a776839a7298ff64c98206ff944ba6f0fca88006278
remastered\map\us\hb22.bar\US_hb22_bar0.dds,4194432,9999825a537f97bae50cb94b6c91f5072178bd9644c23429ffe8ff8074559eef
remastered\map\us\hb23.bar\US_hb23_bar0.dds,4194432,cb42e0edb2e63f548d723426dc024c5f34de5061cbed3f04ae217ce5da15a2b7
remastered\map\us\hb24.bar\US_hb24_bar0.dds,4194432,7511cd3ada79d12a636d5a55a25d076417bf5c634c5d3a0a642685d6eebb1436
remastered\map\us\hb25.bar\US_hb25_bar0.dds,4194432,03d61e89e1b730e3d0e9dd42a3fa7ed29421ce5bdbf1ad872f02a31ae10d6c1e
remastered\map\us\hb26.bar\US_hb26_bar0.dds,4194432,ce74cc530bfa40d9352f1b21720264776b8181eef6c1f066d3a8f4bb8d1fd8c0
remastered\map\us\hb33.bar\US_hb33_bar0.dds,4194432,6d39d8267a2ea55d273a51b4f5cc41b47142f7aca0df9d69b0353cb341ac814e
remastered\map\us\hb38.bar\US_hb38_bar0.dds,4194432,cc215dea251847a712c0ba305cc2bc4c538bd48a459d369c781d38a9778fca47
remastered\map\us\he00.bar\US_he00_bar0.dds,2097280,83c97de16a4f73a7d09ee4ae91550c750a2c2b3ea8b8b639c96936f71677636b
remastered\map\us\he01.bar\US_he01_bar0.dds,2097280,1532ffb2cedf7c6dff94a3f78da9092edabf4a81a09bf9bf2b2684d9485eeabf
remastered\map\us\he02.bar\US_he02_bar0.dds,2097280,1532ffb2cedf7c6dff94a3f78da9092edabf4a81a09bf9bf2b2684d9485eeabf
remastered\map\us\he03.bar\US_he03_bar0.dds,2097280,9a5098b395f64463a2aee38e2c23687f0f0bb5bbf727614c1624b46f97d60526
remastered\map\us\he04.bar\US_he04_bar0.dds,2097280,a911e3c2d8f667a57f77066a9c52945dbee93919653da5533175e9c8ccddc27d
remastered\map\us\he05.bar\US_he05_bar0.dds,2097280,c6cc419de63aa1b4a827c8623290706a8d1b295e929c19874394de5f6e44ba83
remastered\map\us\he06.bar\US_he06_bar0.dds,2097280,3fa0e251d1dd4baacaa576a783b46a9e3945fd83bd82bb3df5c4eada03030134
remastered\map\us\he07.bar\US_he07_bar0.dds,2097280,bee00da4102641a69ba99ef87239235595d136fa89831c0cf2f6154538cad7a1
remastered\map\us\he08.bar\US_he08_bar0.dds,2097280,9ca744240c02b26f9e0711d7ba72742b06c04fd76d4eeb5477c8893e9d77df49
remastered\map\us\he09.bar\US_he09_bar0.dds,2097280,25b0aaa191d3935074bc6c376284b06626271866f59036e344f68f7f274fbac4
remastered\map\us\he10.bar\US_he10_bar0.dds,2097280,fec324870da0a02a4322d659bb876d4a7ea561556cc9a2a28f6bf3dfc8398bcc
remastered\map\us\he11.bar\US_he11_bar0.dds,2097280,37937d1bac3e62e9813a0caa71897e894ee4dca8ef16c687f6691088e37c4665
remastered\map\us\he12.bar\US_he12_bar0.dds,2097280,a7301f7b110232b47678318279feb8ccab6dc7cc9ba6b6c996c9445d2345c31e
remastered\map\us\he13.bar\US_he13_bar0.dds,2097280,25b0aaa191d3935074bc6c376284b06626271866f59036e344f68f7f274fbac4
remastered\map\us\he14.bar\US_he14_bar0.dds,2097280,1532ffb2cedf7c6dff94a3f78da9092edabf4a81a09bf9bf2b2684d9485eeabf
remastered\map\us\he15.bar\US_he15_bar0.dds,2097280,cd90f0cb1424ef867fbc9d3bc1efe0ebb46d944fb7a590c9d726a8a8841b00c7
remastered\map\us\he16.bar\US_he16_bar0.dds,2097280,6f4e5e18a69fd54f8315dee38d451e4690bad708bad863b331ae955b31246c8f
remastered\map\us\he17.bar\US_he17_bar0.dds,2097280,a27a3af514e83f6ebda47535bf03627e9f522061037ae6b9d43a7c9c4b612558
remastered\map\us\lk00.bar\US_lk00_bar0.dds,2097280,bd6abe32694268663b000cd55f7690a61eeeda9d9006ba10fc95b6053d692108
remastered\map\us\lk01.bar\US_lk01_bar0.dds,2097280,f0af01ccea1a7a1b14306750899ecc50d875213b52a29accc027950320f8b5c5
remastered\map\us\lk02.bar\US_lk02_bar0.dds,2097280,f7dffbbd3ef8e3271f78fba779dd626758b1216837b6e221ef33ee3182780157
remastered\map\us\lk03.bar\US_lk03_bar0.dds,2097280,5693a0d943898c660315ce2c5862dd893469d05381a8659cd4d3a49de96fa2bd
remastered\map\us\lk04.bar\US_lk04_bar0.dds,2097280,a30b4f7973d331b853a1342f1e2063f129a146c4defddc32de2ed0f6293772de
remastered\map\us\lk05.bar\US_lk05_bar0.dds,2097280,38a28d7af87a3e891edfc129e96cb4012c2288861e20fbf0cfb2fe940af7391b
remastered\map\us\lk06.bar\US_lk06_bar0.dds,2097280,f2aa433a526b9ca2aa2fa86de30062e821d1628ae165b37f3b2d673b59b76286
remastered\map\us\lk07.bar\US_lk07_bar0.dds,2097280,3d8bbeeac8c1bb118e1d2bcdc4ec8d90b765c04b4bbf4c8b2077b51c5b186fca
remastered\map\us\lk08.bar\US_lk08_bar0.dds,2097280,74a52a13f5d9fa6566415a3d0f7cb2414c3bcfebc11eca99abbf7fe4f82f9b2f
remastered\map\us\lk09.bar\US_lk09_bar0.dds,2097280,9c4916a8dae1e74084cbbb3379812627c495c784e28f065329fad38ccc648127
remastered\map\us\lk10.bar\US_lk10_bar0.dds,2097280,bd6abe32694268663b000cd55f7690a61eeeda9d9006ba10fc95b6053d692108
remastered\map\us\lk11.bar\US_lk11_bar0.dds,2097280,9c4916a8dae1e74084cbbb3379812627c495c784e28f065329fad38ccc648127
remastered\map\us\lk12.bar\US_lk12_bar0.dds,2097280,2e5cac391eb41a38ea0508a1b3ecc2914b66cbdc7a03d4145b9556754cf9ae19
remastered\map\us\lk13.bar\US_lk13_bar0.dds,2097280,fe82cb9420fa6cc6e94089ccdd79b000d5d2f77cdaf292c575750fb344d479d6
remastered\map\us\lk14.bar\US_lk14_bar0.dds,2097280,7baa88cf064c667131d690a8315d3c0a359e0649671fc3bf6bd717e8b12aa063
remastered\map\us\lm00.bar\US_lm00_bar0.dds,2097280,b6b9f5992f38174a0d41f451f876ae279ad4394a234ab4d3de9b9ffa6ac026bf
remastered\map\us\lm02.bar\US_lm02_bar0.dds,2097280,c77b6eda1e01cdc8f26cf5e99438eb8539e30a598b084b02094b3fb56d49bdf4
remastered\map\us\mu00.bar\US_mu00_bar0.png,13302,21935dcc1b78a2dcd3b806b12d7ca7c13bffa3ac793d917e77eb0877ccc99ef9
remastered\map\us\mu01.bar\US_mu01_bar0.dds,2097280,4cdd46906598979dda1ebce5a9c00783da2ddb7e59d5cbe4abb121e6f295834d
remastered\map\us\mu02.bar\US_mu02_bar0.dds,2097280,a2f5dd61fa87fd2cb931a324cbf343da2901884f8bcb63f7c4e130b91f86ddcf
remastered\map\us\mu03.bar\US_mu03_bar0.dds,2097280,7beb6ec8165d6179f5c2a6f72bb3456008d775b774dcd022a14a6f1f70a0c3ee
remastered\map\us\mu04.bar\US_mu04_bar0.dds,2097280,dd5651602147330f6d3293c875507787c1b471b31f657314d0254ddde394cf81
remastered\map\us\mu05.bar\US_mu05_bar0.dds,2097280,40e0c902a22f44491f399ab451c48e3f25d56213ed82afe4e2868028ab862dd4
remastered\map\us\mu06.bar\US_mu06_bar0.dds,2097280,ab01a8cc83ab33e791cee7b20fc2b4cfd5d2689ac947cd2e398c8b5a9b26a7e5
remastered\map\us\mu07.bar\US_mu07_bar0.dds,2097280,4cd1e9f7cb2547b75e50a1744a2e0c8a8eb5497c20cd6567403ac2b9e5175bb1
remastered\map\us\mu08.bar\US_mu08_bar0.dds,2097280,a2e2d518f3712fae8817cbd224760fde4e30e200369745d4ae688298eb8cd8a7
remastered\map\us\mu09.bar\US_mu09_bar0.dds,2097280,33002b45d6961fc7f0bdfa840fba0025ce37fa0e06c089238535c39864854ede
remastered\map\us\mu10.bar\US_mu10_bar0.dds,2097280,1a0564e0933f9b16ce1240447c520af8216f113a522c4cd084ab8f6488001f11
remastered\map\us\mu11.bar\US_mu11_bar0.dds,2097280,5452a27ef017c6d75febdd533b81f177f496917c58e451d0f1ce47e042731e22
remastered\map\us\mu12.bar\US_mu12_bar0.dds,2097280,dd5651602147330f6d3293c875507787c1b471b31f657314d0254ddde394cf81
remastered\map\us\nm00.bar\US_nm00_bar0.dds,2097280,2dcc57254719e25c632d2ce09a7de0470fe40f9c4a9b25ef3a069fc09f8e1878
remastered\map\us\nm01.bar\US_nm01_bar0.dds,2097280,1f655ae52d17608d3476f74370ff58c3830b26efbb339f3664320a0d9319384b
remastered\map\us\nm02.bar\US_nm02_bar0.dds,2097280,e4ee3dc94f1009bdba723f226eb551c05d00fa5ced5616bc723ed87534baae67
remastered\map\us\nm03.bar\US_nm03_bar0.dds,2097280,70321c91419f31a859b080ec0a5264b9540ae8b1469f9028af41df63a648ba2c
remastered\map\us\nm04.bar\US_nm04_bar0.dds,2097280,c01ffadc2f711a758a89e00c28c95e6d5df4398263f4147b4f209d32f14d88bb
remastered\map\us\nm05.bar\US_nm05_bar0.dds,2097280,d9093c48631440cc671d883ebaacc310f1ca0751267d5d0b74a1b3674068c465
remastered\map\us\nm06.bar\US_nm06_bar0.dds,2097280,a85478a25b75661b4ca99be265d49d9d66c7b1c46603e72f2b022fc8e5cedc25
remastered\map\us\nm07.bar\US_nm07_bar0.dds,2097280,726e76da0ce42f137561ccf301793104ab81407fd3fb49866bac7b165a533ee2
remastered\map\us\nm08.bar\US_nm08_bar0.dds,2097280,f866cb7cfc8a029e5c54c187cac045ae6401f07ec9647f16c1650b8cf6eaa873
remastered\map\us\nm09.bar\US_nm09_bar0.dds,2097280,6d91b4b7d9694d6a9b9651e832cb1b3fc277fcd806a6176758260309e54f0a54
remastered\map\us\nm10.bar\US_nm10_bar0.dds,2097280,e663885f89a534a1c20a6662ec82bfc01cd95040d874c56717c372a3e033b0e9
remastered\map\us\po00.bar\US_po00_bar0.dds,2097280,16645504a338761a832fbaef183e14e362ff176b0f7fdebe712a3b2daa335299
remastered\map\us\po01.bar\US_po01_bar0.dds,2097280,557f59757b92e23291924707a374713b60c93c28c77ecccb4838928cfb492a02
remastered\map\us\po02.bar\US_po02_bar0.dds,2097280,16097052c939fef74c96b4813d4943cbec3978a322166d273a6274e2f127be4a
remastered\map\us\po03.bar\US_po03_bar0.dds,2097280,e2ba816f8c5aa2a3722ab18a1cafa3c8671344322a2ceda649a4a350ef1d52bf
remastered\map\us\po04.bar\US_po04_bar0.dds,2097280,9dc004382add451b36b977ee188aafd27dd7869e4c2f4f7bd97137c799f1cad7
remastered\map\us\po05.bar\US_po05_bar0.dds,2097280,9421109e838b1f0f2fa09df2585e9722846e325d3e2fd46407b839d61b858864
remastered\map\us\po09.bar\US_po09_bar0.dds,2097280,756dfbe1a840ae4db80276c81e87740985582fcbb52b5a9b0650d9d5d191497f
remastered\map\us\tr00.bar\US_tr00_bar0.dds,2097280,f3ae0f57fbeaf2a82cad0ad3e66f8d37552cc427ede02cb9a0c1d252cc726fa3
remastered\map\us\tr01.bar\US_tr01_bar0.dds,2097280,83fdc6622d663a5216552c83f22949773b2a4e0ff08e61b03c7d76f80463820a
remastered\map\us\tr02.bar\US_tr02_bar0.dds,2097280,773d67e6bf4f4cb0a452f3c77314b622022cd0219dc19f66fd2e0f67a2d3592f
remastered\map\us\tr03.bar\US_tr03_bar0.dds,2097280,d270969850553f1317510b2d4d22ea56482c7963891887dd2723499c254418ea
remastered\map\us\tr04.bar\US_tr04_bar0.dds,2097280,6fd93cd47737d8bb33dd41ff9933e09af7b52d0caf64762826222efa8c50af81
remastered\map\us\tr05.bar\US_tr05_bar0.dds,2097280,7f291105aa948998a69142ded36942ef18710fddfedef5c6380e5bfb7ce0c082
remastered\map\us\tr06.bar\US_tr06_bar0.dds,2097280,5a0dade81d5dc4e4d38a7ab53b38edcc5009adbafea6aef2188c6559719a3be4
remastered\map\us\tr07.bar\US_tr07_bar0.dds,2097280,bf34078f92c50e6931364c03890edcf1651d8bba5fa9fc994de9a1a3a0eab1cf
remastered\map\us\tr08.bar\US_tr08_bar0.dds,2097280,367c937d7bbeb9ba7dcf9a4c7712131850d098be93b310f8354a6aa74408b6ec
remastered\map\us\tr09.bar\US_tr09_bar0.dds,2097280,0dacd1452f027998a5fcd3967439424f54867516d65b9b9b9d405aad387ee9fa
remastered\map\us\tr10.bar\US_tr10_bar0.dds,2097280,bf34078f92c50e6931364c03890edcf1651d8bba5fa9fc994de9a1a3a0eab1cf
remastered\map\us\tr11.bar\US_tr11_bar0.dds,2097280,bf34078f92c50e6931364c03890edcf1651d8bba5fa9fc994de9a1a3a0eab1cf
remastered\map\us\tt00.bar\US_tt00_bar0.dds,2097280,fa703bdf3a8968b4608d0e137267873676172dac74677856ed5b9c98fceeab8d
remastered\map\us\tt01.bar\US_tt01_bar0.dds,2097280,7079221cdba02e9cc2d8055597a162339e1b98a3f2a7616c36bbacfaa4c3d9ae
remastered\map\us\tt02.bar\US_tt02_bar0.dds,2097280,670c49eb853bcb2ff259333c21f0d09b4a007f6a9921f4249998667969314542
remastered\map\us\tt03.bar\US_tt03_bar0.dds,2097280,9e5331ed693fa09a9890c5802e500a6d8573a18bd3d0451c799a493313d6fe9f
remastered\map\us\tt04.bar\US_tt04_bar0.dds,2097280,7b1d628a09388228d7cd8f4ab9324e8e52e0fe3ceefdc67918d3021a99e5c57b
remastered\map\us\tt05.bar\US_tt05_bar0.dds,2097280,7b1d628a09388228d7cd8f4ab9324e8e52e0fe3ceefdc67918d3021a99e5c57b
remastered\map\us\tt06.bar\US_tt06_bar0.dds,2097280,90e34f182667e3aba0fcf2deb1646a7f802938c7b53b2c265aabc7bcfab64e8e
remastered\map\us\tt07.bar\US_tt07_bar0.dds,2097280,0b30e41cd2737f11caf440ee25c8d4b03bba4432dfab0eeea23a5cd971124547
remastered\map\us\tt08.bar\US_tt08_bar0.dds,2097280,7ecf737e0814d61b61204f03105367eeb42c6b175b3729f710fb92f9fa0708c1
remastered\map\us\tt09.bar\US_tt09_bar0.dds,2097280,4b06598d149cc7814d7b0f4275e6e28bbe60084c27aaddbceffb303ce1c823eb
remastered\map\us\tt10.bar\US_tt10_bar0.dds,2097280,056d9544b505bde62a5366d0e8f63818eef38de02aa9493747ae57c2eaef9f10
remastered\map\us\tt11.bar\US_tt11_bar0.dds,2097280,a1bbe9c802ad04afd2d1cde244215e33ddac04fc79b64aa0070fdcbe3bffbd48
remastered\map\us\tt12.bar\US_tt12_bar0.dds,2097280,9d72e5ab7cec13f73cc8b3a2ea9d1e470c06d9fc6709a0938e7aba26eb3b5972
remastered\map\us\tt13.bar\US_tt13_bar0.dds,2097280,4680434b4fe5181bad35b90cac3700794967eff66fe866d51f7607e4e5e03a4b
remastered\map\us\tt14.bar\US_tt14_bar0.dds,2097280,a2d9831218c9581ffe1b91d9068bd7a09940f46b54e9ae0ae6eb675367001ce0
remastered\map\us\tt15.bar\US_tt15_bar0.dds,2097280,3adc0c77690126430a2366dea2d0734896aa0505b9a890dde1434f07e960ff7e
remastered\map\us\tt16.bar\US_tt16_bar0.dds,2097280,871e4e989651de09838fb62f20decdee26c703ece134c2c91015090e8b2e108d
remastered\map\us\tt17.bar\US_tt17_bar0.dds,2097280,6f073847b39962f1a1078959e2e3ceb39fa50985c7bbd8fbe897b5be211fdd01
remastered\map\us\tt18.bar\US_tt18_bar0.dds,2097280,b454e90cf4be13173f1fcd1a9d18b68aad348acf7d7da4a4da47b4d97407bc59
remastered\map\us\tt19.bar\US_tt19_bar0.dds,2097280,b9ac27f5266436136306c145c4db834544e6f64c05f80d2d66ad32c1c6308bd1
remastered\map\us\tt20.bar\US_tt20_bar0.dds,2097280,b9ac27f5266436136306c145c4db834544e6f64c05f80d2d66ad32c1c6308bd1
remastered\map\us\tt21.bar\US_tt21_bar0.dds,2097280,8a0863980dd349dc65628b4b8064839f6bd79579a07b124cde5457f1fc9bf67c
remastered\map\us\tt22.bar\US_tt22_bar0.dds,2097280,9c7e35e7985f9d43aa46287a76357e21a7735b0ccc0c48a7f744a4e2a1557521
remastered\map\us\tt23.bar\US_tt23_bar0.dds,2097280,1d1ade6978ec20bb0f67bab4231cffc330da9dbb924b071477dd943906dc3638
remastered\map\us\tt24.bar\US_tt24_bar0.dds,2097280,427ce21e81a8bcc0888fb49fad24efd2c9420ea801c71e861adb2886ae619ecf
remastered\map\us\tt25.bar\US_tt25_bar0.dds,2097280,357f42b3e833244c0f4ff92fa4210aea52c53f21e6a9e4ed1e950c185b192360
remastered\map\us\tt26.bar\US_tt26_bar0.dds,2097280,400771fc516df6defbea602849af196a2e4dc853d48535a2df592aaf44fe638d
remastered\map\us\tt27.bar\US_tt27_bar0.dds,2097280,099d41366e083e111013d8025837fbaa3d7d50fc50905f271be6747fb271bdf2
remastered\map\us\tt28.bar\US_tt28_bar0.dds,2097280,1266748d9be61ec147967b19b6a155a85cb92b151de3b0067a8b43e2ce4c9a6e
remastered\map\us\tt29.bar\US_tt29_bar0.dds,2097280,e47ddb5956730a150b1232dd92c26bd443163bcc1864cf201042d0c77886d582
remastered\map\us\tt30.bar\US_tt30_bar0.dds,2097280,6fb811ae5b3f1591264824368075848b1d632d24d6e77156edca45346b8f32d5
remastered\map\us\tt31.bar\US_tt31_bar0.dds,2097280,80c9c037b807c9775bf58ff833ad0bdcc4a311bb4b4efaef8c310785345e1e9d
remastered\map\us\tt32.bar\US_tt32_bar0.dds,2097280,b83060730832d3bf5ee4c256f732c16c4bf7973f49f017a1b79bc26270f33bd4
remastered\map\us\tt33.bar\US_tt33_bar0.dds,2097280,c0b1c464a9dd67274a3a205ad1de24f8a26e833e5b66fbab961ca587d96abd9c
remastered\map\us\tt34.bar\US_tt34_bar0.dds,2097280,baa4df4ead551e521e32e890884d18bcdc033625f9525e680fa2dba4b7bc2ff3
remastered\map\us\tt35.bar\US_tt35_bar0.dds,2097280,adc630a51ebce87dfe28ab961fb523f4639148cd055c4956dc8c5b74fbecbecb
remastered\map\us\tt36.bar\US_tt36_bar0.dds,2097280,212113e2b4133c661d0a8c1df0075cbce1a81216eb617fc02d65780a64cfbf26
remastered\map\us\tt37.bar\US_tt37_bar0.dds,2097280,7af918f2c13b23582b087e5836cbaf068998fb2b9bbaaf559ec0a920e0fe5193
remastered\map\us\tt38.bar\US_tt38_bar0.dds,2097280,80c9c037b807c9775bf58ff833ad0bdcc4a311bb4b4efaef8c310785345e1e9d
remastered\map\us\tt39.bar\US_tt39_bar0.dds,2097280,80c9c037b807c9775bf58ff833ad0bdcc4a311bb4b4efaef8c310785345e1e9d
remastered\map\us\tt40.bar\US_tt40_bar0.dds,2097280,8c1cdafce65b99e8f73206990fad0074cd7bc7d688236a115b3514a03ada5ec5
remastered\map\us\wi00.bar\US_wi00_bar0.dds,2097280,5f6a984313e8f5f74570caffb595febcf3411b421ca253fe0687b7f3b8eb49e9
remastered\map\us\wi01.bar\US_wi01_bar0.dds,2097280,d59cf9ba2f32769397b9514290128659b8d05ea341aee0603931f7ce4ca643a7
remastered\map\us\wi02.bar\US_wi02_bar0.dds,2097280,5264337e66eff53597baa433890dbcbd1a83f2f4ac56c3edab78c9bb3cb738d6
remastered\map\us\wi03.bar\US_wi03_bar0.dds,2097280,a3feaea62b6bce7edc3d53be1edecf0a1a8dfd82d53b265d338840095f03e671
remastered\map\us\wi04.bar\US_wi04_bar0.dds,2097280,ec1f2e43e528f1ea2576e6b14ff037bf457d6a6a6604e68cb5cf07d1f01ad522
remastered\map\us\wi05.bar\US_wi05_bar0.dds,2097280,2b1fff26f204c5f2dbfa737a8740cc80321104f4a9aff152e4e5a42a43c48dd3
remastered\map\us\wi06.bar\US_wi06_bar0.dds,2097280,b83ca1e6a13a85110e00698c62376eb56a3e3852b482dec7d6d0858a73cdd838
remastered\map\us\wi07.bar\US_wi07_bar0.dds,2097280,b41b7d0817794889582b1697a46b5aafb63bc893e93697ee113977a5f0ef37d9
remastered\menu\fm\camp.2ld\US_camp_2ld0.png,842599,4480b5e4b392aca6517458a19888e83395e3f601f327e826d4408bb7f55f7d93
remastered\menu\fm\camp.2ld\US_camp_2ld1.png,843611,ee2a1cfcf2df3dc7954ca511cb7ff155c1ad04cf603b4e3b4af6d1a7f956c77e
remastered\menu\fm\camp.2ld\US_camp_2ld2.png,844577,96be0ecbd616725b11d544029e04d7895cde741767db61b26265fdc06080f317
remastered\menu\fm\camp.2ld\US_camp_2ld3.png,841652,58f104cd2156b8b9b68f1dc64807b647f44e99fbde688d13ef86220743081066
remastered\menu\fm\ending.2ld\US_ending_2ld2.png,194682,677b207263bc8ebb073b8a2e58809a6d3baf58db1824211701e02fbc59712c23
remastered\menu\fm\ending.2ld\US_ending_2ld3.png,941477,8bcfb4dbcfde074fd1906f36cdbf45a8a4d0acce5f10aabecc9ed8beef8ae28a
remastered\menu\fm\ending.2ld\US_ending_2ld4.png,737307,43ae047edbaa17067b9e121ae38d34908acc3f88dfa5d94a9e979a466ce0d77b
remastered\menu\fm\ending.2ld\US_ending_2ld5.png,1057749,3fcfe41933dea419c2e27738f01f61853235756ad8de15d6c9006045800b193c
remastered\menu\fm\ending.2ld\US_ending_2ld6.png,388730,1f0e1ecc1b7bf1328771428fa162432dd8d9afc31af4018ec170bf548f8f9a0f
remastered\menu\fm\ending.2ld\US_ending_2ld7.png,929962,9c395fa5cc0d5b873aff6165f0c65395a6fd4515f0c6ee41e959a0c94e922869
remastered\menu\fm\itemshop.2ld\US_itemshop_2ld1.png,84006,191abcaa3e2202407bf932caa7818f4b71e4c4e824d49df7d91c36f089f11cec
remastered\menu\fm\jmemo.2ld\US_jmemo_2ld0.dds,2097280,b865ac8119d014063eb369d1e6d116b3e701e9d10abbf49b935e8b9021e73032
remastered\menu\fm\pause.2ld\US_pause_2ld0.dds,262272,7db91213afb32b3c75783d10a80b536d13a0ee475368e67a101af0885c30f3db
remastered\menu\fm\save.2ld\US_save_2ld0.png,46332,00cc464966cb9c17227cc079fd291ff6575b5ba5f9decf5b2239d3a0b7f5d09c
remastered\menu\fm\title.2ld\US_title_2ld10.png,301012,3ca895c5412e2ee16aa1ac08ed285295f7c289dc510e8e558f09bd9c4df95857
remastered\menu\fm\title.2ld\US_title_2ld11.png,41049,90c63bbfcb77d5fb63bae66ece6bf3301be199d0d8f7c43ab8c655c5466ac877
remastered\menu\fm\title.2ld\US_title_2ld8.png,296821,1af115df242c43699c43889ba196f0cafbea2554f4ce266c61ed6dd5f9ff0f97
remastered\menu\fm\title.2ld\US_title_2ld9.png,40675,926a032f4971284447cd0cb5980efa6397259b383f1497d399b1a6d5fc016b9c
remastered\menu\fm\titlejf.2ld\US_titlejf_2ld60.png,61488,00f6c37f9e3094c7c23476caa4b279aa0d2d92fb4fa8d75938cc7b35b70ad554
remastered\menu\fm\titlejf.2ld\US_titlejf_2ld7.png,239343,a120ceb79051d14554f87fe10a4a0830bcd10e2d1ac17493d270b59ca529d55b
remastered\menu\fm\titlejf.2ld\US_titlejf_2ld8.png,110602,794d8b03d721e608fc26a4a22e23e3406e8b0f03f98d43f5c173ec84a30e8cb7
remastered\menu\fm\titlejf.2ld\US_titlejf_2ld9.png,254445,4ad24ad80cb30136e7a0f854598daeffc6d82d87b9784b7082eed2e1eee424bd
remastered\menu\us\ab_010_o.bar\US_ab_010_o_bar0.png,167337,8ec56604f85bbec6bb005d54cc78b5b85edd89edca54d8c29758466fe523e276
remastered\menu\us\ab_010_r.bar\US_ab_010_r_bar0.png,141830,79df9af8683d8a938f5de76c6ce5f367c74cd3cb1544f29cf303d9bab032f746
remastered\menu\us\ab_010_s.bar\US_ab_010_s_bar0.png,343545,ff225ea5173dc4ec1a86e7059eb97e8882181344d819fb708378731dc9af91d1
remastered\menu\us\ab_020_r.bar\US_ab_020_r_bar0.png,243619,1a1cdce197f7435c9d7f4f16311fb4cbf7da4ce0058aee821056bef408f71b1f
remastered\menu\us\ab_020_s.bar\US_ab_020_s_bar0.png,250112,6087a04ecdc4eac5c60f63b448f39b7309f91d2e1e6ddd0e1d902f6a550397cb
remastered\menu\us\ab_040_s.bar\US_ab_040_s_bar0.png,331702,c4036d71a744155f2daef39e63fd29dfc54eebded4309b84684eeaf617f135a2
remastered\menu\us\at_010_o.bar\US_at_010_o_bar0.png,207195,30ecca6facc802be9e762d437eddfe2d9c39f6118e5730920f24b24d2f46a7d6
remastered\menu\us\at_010_r.bar\US_at_010_r_bar0.png,211481,a9e2ef8f0e24cbc2f22f92118f888de4bd0495081223e9a1129f3676c50210af
remastered\menu\us\at_010_s.bar\US_at_010_s_bar0.png,213681,ca42bdb3c517224400afe888631895a88a3f5e92d13003ebfcc6a57fed3d0f97
remastered\menu\us\at_020_r.bar\US_at_020_r_bar0.png,232332,057b9136057ccc61ad4ba15b6860a07f70bf4d2a57c171fd1775cb115e039c70
remastered\menu\us\at_020_s.bar\US_at_020_s_bar0.png,214455,c8c8c2c9ff757fbda0ad2c2bb31613234bf7906d0b7a6d1ee5ae3f2bc04fdc06
remastered\menu\us\camp.2ld\US_camp_2ld0.png,842599,4480b5e4b392aca6517458a19888e83395e3f601f327e826d4408bb7f55f7d93
remastered\menu\us\camp.2ld\US_camp_2ld1.png,843611,ee2a1cfcf2df3dc7954ca511cb7ff155c1ad04cf603b4e3b4af6d1a7f956c77e
remastered\menu\us\camp.2ld\US_camp_2ld2.png,844577,96be0ecbd616725b11d544029e04d7895cde741767db61b26265fdc06080f317
remastered\menu\us\camp.2ld\US_camp_2ld3.png,841652,58f104cd2156b8b9b68f1dc64807b647f44e99fbde688d13ef86220743081066
remastered\menu\us\ending.2ld\US_ending_2ld2.png,194682,677b207263bc8ebb073b8a2e58809a6d3baf58db1824211701e02fbc59712c23
remastered\menu\us\ending.2ld\US_ending_2ld3.png,941477,8bcfb4dbcfde074fd1906f36cdbf45a8a4d0acce5f10aabecc9ed8beef8ae28a
remastered\menu\us\ending.2ld\US_ending_2ld4.png,737307,43ae047edbaa17067b9e121ae38d34908acc3f88dfa5d94a9e979a466ce0d77b
remastered\menu\us\ending.2ld\US_ending_2ld5.png,1057749,3fcfe41933dea419c2e27738f01f61853235756ad8de15d6c9006045800b193c
remastered\menu\us\ending.2ld\US_ending_2ld6.png,388730,1f0e1ecc1b7bf1328771428fa162432dd8d9afc31af4018ec170bf548f8f9a0f
remastered\menu\us\ending.2ld\US_ending_2ld7.png,929962,9c395fa5cc0d5b873aff6165f0c65395a6fd4515f0c6ee41e959a0c94e922869
remastered\menu\us\eventviewer.2ld\US_eventviewer_2ld50.png,99084,0b1d9ec433e50cf200be1a08f84396e6d4925254631ac4ca24b04702882ff109
remastered\menu\us\itemshop.2ld\US_itemshop_2ld1.png,84006,191abcaa3e2202407bf932caa7818f4b71e4c4e824d49df7d91c36f089f11cec
remastered\menu\us\jmemo.2ld\US_jmemo_2ld0.dds,2097280,b865ac8119d014063eb369d1e6d116b3e701e9d10abbf49b935e8b9021e73032
remastered\menu\us\mp_010_s.bar\US_mp_010_s_bar0.png,225432,91d4652d07adddad624d9831b0499e84c227bd6c8aceacfcc0e578efb10b1404
remastered\menu\us\mp_020_s.bar\US_mp_020_s_bar0.png,193480,cebc4342deb284195ef76f5801ad48b1b563275d61ee327f939f0995307e8b10
remastered\menu\us\save.2ld\US_save_2ld0.png,46332,00cc464966cb9c17227cc079fd291ff6575b5ba5f9decf5b2239d3a0b7f5d09c
remastered\menu\us\sw_010_s.bar\US_sw_010_s_bar0.dds,1048704,0a2854c18e1077aa82fc144b7666cf264f6ac25fcd04d15b1fc93eb887111bbe
remastered\menu\us\sw_020_s.bar\US_sw_020_s_bar0.png,197070,203b1d327851262bce479d20f55c0fdf8aea1ad038bbd6737a074f368844d287
remastered\menu\us\title.2ld\US_title_2ld10.png,301012,3ca895c5412e2ee16aa1ac08ed285295f7c289dc510e8e558f09bd9c4df95857
remastered\menu\us\title.2ld\US_title_2ld11.png,41049,90c63bbfcb77d5fb63bae66ece6bf3301be199d0d8f7c43ab8c655c5466ac877
remastered\menu\us\title.2ld\US_title_2ld8.png,296821,1af115df242c43699c43889ba196f0cafbea2554f4ce266c61ed6dd5f9ff0f97
remastered\menu\us\title.2ld\US_title_2ld9.png,40675,926a032f4971284447cd0cb5980efa6397259b383f1497d399b1a6d5fc016b9c
remastered\menu\us\titlejf.2ld\US_titlejf_2ld60.png,61488,00f6c37f9e3094c7c23476caa4b279aa0d2d92fb4fa8d75938cc7b35b70ad554
remastered\menu\us\titlejf.2ld\US_titlejf_2ld7.png,239343,a120ceb79051d14554f87fe10a4a0830bcd10e2d1ac17493d270b59ca529d55b
remastered\menu\us\titlejf.2ld\US_titlejf_2ld8.png,110602,794d8b03d721e608fc26a4a22e23e3406e8b0f03f98d43f5c173ec84a30e8cb7
remastered\menu\us\titlejf.2ld\US_titlejf_2ld9.png,254445,4ad24ad80cb30136e7a0f854598daeffc6d82d87b9784b7082eed2e1eee424bd
remastered\msg\us\fontimage.bar\US_fontimage_bar0.png,57287,f1b83bd9abe128cb0498400b0c44bf270caaaf2633d45361b5469ee9ec7cb7d6
remastered\msg\us\fontimage.bar\US_fontimage_bar1.png,208462,06b3dd5df3ef6fb8f3ad0ff76068a97089c800fb80d274e7fd21e2a35262e9fd
remastered\msg\us\fontimage.bar\US_fontimage_bar2.png,522288,7a4c8104df366f6d5ff7187b51ad383eda211ba833a326d631af29581ee10f57
remastered\msn\us\A_SCT_GIMMICK.bar\US_A_SCT_GIMMICK_bar1.dds,1048704,0974b4419e3e1c84a0c7d79390aa35163f023ad843df8df18a1124dba3680abe
remastered\msn\us\AL00_SKATE_01.bar\US_AL00_SKATE_01_bar2.png,94331,a6525096068a495ef71c9ba11bfd2962d2a8ebe3c458a434ece463c3dd70d39b
remastered\msn\us\AL00_SKATE_01.bar\US_AL00_SKATE_01_bar3.png,217815,05373729eaac18d5f436124695f2ea3362dd770a8ca2ef50b7de40831e48847b
remastered\msn\us\AL00_SKATE_01.bar\US_AL00_SKATE_01_bar4.png,719213,9dc3b2b03683c82f52486596b4564a19aaa1e8f18ea2d4d72f2b9d406320f8a5
remastered\msn\us\AL00_SKATE_01.bar\US_AL00_SKATE_01_bar5.png,358679,ab61217f3806d3da16c8b952a42008118bab8d4264a7931b008e7377c6727813
remastered\msn\us\AL10_KINOKO_LEX.bar\US_AL10_KINOKO_LEX_bar0.png,94331,a6525096068a495ef71c9ba11bfd2962d2a8ebe3c458a434ece463c3dd70d39b
remastered\msn\us\AL10_KINOKO_LEX.bar\US_AL10_KINOKO_LEX_bar1.png,623096,7695c2005cc5ee38eab3c37f2894e8eb16f1705083c5b911f5140a71e0561633
remastered\msn\us\AL10_MS102.bar\US_AL10_MS102_bar0.png,152765,cefbe6757161df6d04aab1212048409f8a21274887b731fd6b104f903e2ed424
remastered\msn\us\AL13_TRAP.bar\US_AL13_TRAP_bar0.png,738600,9168acd232666e36ec67dabb4c2bf277e847bcb3544b890ba6d62ed26f1b069f
remastered\msn\us\AL13_TRAP_FREE.bar\US_AL13_TRAP_FREE_bar0.png,738600,9168acd232666e36ec67dabb4c2bf277e847bcb3544b890ba6d62ed26f1b069f
remastered\msn\us\AL13_TRAP_FREE2.bar\US_AL13_TRAP_FREE2_bar0.png,738600,9168acd232666e36ec67dabb4c2bf277e847bcb3544b890ba6d62ed26f1b069f
remastered\msn\us\AL14_MS202_FREE.bar\US_AL14_MS202_FREE_bar1.png,94331,a6525096068a495ef71c9ba11bfd2962d2a8ebe3c458a434ece463c3dd70d39b
remastered\msn\us\AL14_MS202_FREE.bar\US_AL14_MS202_FREE_bar2.png,194876,8d248cabeecead72015280567292ea3d742f85a5c50503473584f4235938c3f7
remastered\msn\us\AL14_MS_K.bar\US_AL14_MS_K_bar0.png,369825,2204e9dba051daf9a120b13716fe0d58a50bcd52f9043812fdcae813a901c7e9
remastered\msn\us\AL14_MS_O.bar\US_AL14_MS_O_bar0.png,162612,d1866662b01f50742612261f1d579be005649e4d9781404cc62451a9afc8e66e
remastered\msn\us\AL14_MS_P.bar\US_AL14_MS_P_bar0.png,738600,9168acd232666e36ec67dabb4c2bf277e847bcb3544b890ba6d62ed26f1b069f
remastered\msn\us\AL14_MS_S.bar\US_AL14_MS_S_bar0.png,162612,d1866662b01f50742612261f1d579be005649e4d9781404cc62451a9afc8e66e
remastered\msn\us\BB12_GIMMICK.bar\US_BB12_GIMMICK_bar0.png,157159,580e2343fb8c3d9f26fcd92bfffc5c829b710cfdcccbe4346c868f990caeb72e
remastered\msn\us\BB13_KINOKO_XAL.bar\US_BB13_KINOKO_XAL_bar0.png,94331,a6525096068a495ef71c9ba11bfd2962d2a8ebe3c458a434ece463c3dd70d39b
remastered\msn\us\BB13_KINOKO_XAL.bar\US_BB13_KINOKO_XAL_bar1.png,187072,a33398d265563b977b8f726698fb03ba4601704d109b6b616005536780b9f767
remastered\msn\us\CA01_MS204.bar\US_CA01_MS204_bar0.png,156735,8ece7f7a48a1655b504233a03f1b2fdaf9cbb5d4b790b7f15fbc205711ee713e
remastered\msn\us\CA01_MS204.bar\US_CA01_MS204_bar1.png,155295,0e5741f0704445eba06889c4fcd7a17de4925f023d19142fac820e232994511b
remastered\msn\us\CA01_MS204.bar\US_CA01_MS204_bar2.png,156348,fe1111a06a2644567a7487082ad83b9e3c197d31e0647cdef023ecfbcf9f6145
remastered\msn\us\CA02_SKATE_01.bar\US_CA02_SKATE_01_bar2.png,94331,a6525096068a495ef71c9ba11bfd2962d2a8ebe3c458a434ece463c3dd70d39b
remastered\msn\us\CA02_SKATE_01.bar\US_CA02_SKATE_01_bar3.png,185131,7c0644000c762634f0935cec867e40958de57058f69e2836898868a1722bd944
remastered\msn\us\CA02_SKATE_01.bar\US_CA02_SKATE_01_bar4.png,217815,05373729eaac18d5f436124695f2ea3362dd770a8ca2ef50b7de40831e48847b
remastered\msn\us\CA02_SKATE_01.bar\US_CA02_SKATE_01_bar5.png,317511,80c8afd333d9050869ef2524f61b8957110be19be009cfc50dc3dd320bc9ef48
remastered\msn\us\CA07_MS105.bar\US_CA07_MS105_bar0.png,654422,26ea57176c5864dbcc85677c0a72defc1ce0f0b8d65b0c77ca390f7aefdd5a57
remastered\msn\us\CA09_MEDAL.bar\US_CA09_MEDAL_bar0.png,654422,26ea57176c5864dbcc85677c0a72defc1ce0f0b8d65b0c77ca390f7aefdd5a57
remastered\msn\us\CA09_MEDAL.bar\US_CA09_MEDAL_bar1.png,163550,3ab77f58bf84354738abc68c8daef7aafeb5aa3b1630779be72e1249dbb4ba12
remastered\msn\us\CA09_MS104.bar\US_CA09_MS104_bar0.png,654422,26ea57176c5864dbcc85677c0a72defc1ce0f0b8d65b0c77ca390f7aefdd5a57
remastered\msn\us\CA10_MEDAL.bar\US_CA10_MEDAL_bar0.png,654422,26ea57176c5864dbcc85677c0a72defc1ce0f0b8d65b0c77ca390f7aefdd5a57
remastered\msn\us\CA10_MEDAL.bar\US_CA10_MEDAL_bar1.png,163550,3ab77f58bf84354738abc68c8daef7aafeb5aa3b1630779be72e1249dbb4ba12
remastered\msn\us\CA12_MEDAL.bar\US_CA12_MEDAL_bar0.png,654422,26ea57176c5864dbcc85677c0a72defc1ce0f0b8d65b0c77ca390f7aefdd5a57
remastered\msn\us\CA12_MEDAL.bar\US_CA12_MEDAL_bar1.png,163550,3ab77f58bf84354738abc68c8daef7aafeb5aa3b1630779be72e1249dbb4ba12
remastered\msn\us\CA13_KINOKO_LUX.bar\US_CA13_KINOKO_LUX_bar0.png,94331,a6525096068a495ef71c9ba11bfd2962d2a8ebe3c458a434ece463c3dd70d39b
remastered\msn\us\CA13_KINOKO_LUX.bar\US_CA13_KINOKO_LUX_bar1.png,623096,7695c2005cc5ee38eab3c37f2894e8eb16f1705083c5b911f5140a71e0561633
remastered\msn\us\CA13_MEDAL.bar\US_CA13_MEDAL_bar0.png,654422,26ea57176c5864dbcc85677c0a72defc1ce0f0b8d65b0c77ca390f7aefdd5a57
remastered\msn\us\CA13_MEDAL.bar\US_CA13_MEDAL_bar1.png,163550,3ab77f58bf84354738abc68c8daef7aafeb5aa3b1630779be72e1249dbb4ba12
remastered\msn\us\CA14_MEDAL.bar\US_CA14_MEDAL_bar0.png,654422,26ea57176c5864dbcc85677c0a72defc1ce0f0b8d65b0c77ca390f7aefdd5a57
remastered\msn\us\CA14_MEDAL.bar\US_CA14_MEDAL_bar1.png,163550,3ab77f58bf84354738abc68c8daef7aafeb5aa3b1630779be72e1249dbb4ba12
remastered\msn\us\CA15_MEDAL.bar\US_CA15_MEDAL_bar0.png,654422,26ea57176c5864dbcc85677c0a72defc1ce0f0b8d65b0c77ca390f7aefdd5a57
remastered\msn\us\CA15_MEDAL.bar\US_CA15_MEDAL_bar1.png,163550,3ab77f58bf84354738abc68c8daef7aafeb5aa3b1630779be72e1249dbb4ba12
remastered\msn\us\DC00_MS101.bar\US_DC00_MS101_bar0.png,133163,2f62cd4b545ae4ac99fe03cc4fe9a098f5a7a439cc01fbdf02e5352f97b80fc4
remastered\msn\us\DC02_MS100.bar\US_DC02_MS100_bar0.png,133163,2f62cd4b545ae4ac99fe03cc4fe9a098f5a7a439cc01fbdf02e5352f97b80fc4
remastered\msn\us\DC02_MS101.bar\US_DC02_MS101_bar0.png,133163,2f62cd4b545ae4ac99fe03cc4fe9a098f5a7a439cc01fbdf02e5352f97b80fc4
remastered\msn\us\EH03_KINOKO_XEM.bar\US_EH03_KINOKO_XEM_bar0.png,94331,a6525096068a495ef71c9ba11bfd2962d2a8ebe3c458a434ece463c3dd70d39b
remastered\msn\us\EH03_KINOKO_XEM.bar\US_EH03_KINOKO_XEM_bar1.png,187072,a33398d265563b977b8f726698fb03ba4601704d109b6b616005536780b9f767
remastered\msn\us\EH03_KINOKO_XEM.bar\US_EH03_KINOKO_XEM_bar2.png,623096,7695c2005cc5ee38eab3c37f2894e8eb16f1705083c5b911f5140a71e0561633
remastered\msn\us\EH14_MS103.bar\US_EH14_MS103_bar2.png,135367,3bb051f1431fab1a7686110c2c33d0681295ce46a9517ec234143a562e3f2ba8
remastered\msn\us\EH15_MS104.bar\US_EH15_MS104_bar0.png,146221,ffff57127a61cf1dd145121115a9b68a409ba79295a1de0e1e69a824d6709b11
remastered\msn\us\EH22_MS111.bar\US_EH22_MS111_bar0.png,161355,c21d8849def384a53db4a51034da40e1557226742080e9b3983d9ca8d0c835a4
remastered\msn\us\EH26_MS108.bar\US_EH26_MS108_bar0.png,170281,c000b1dde65f1839c7452af5a325729b9595a4e9eeb8dcc686ef5fa8f651fa15
remastered\msn\us\EH26_MS108.bar\US_EH26_MS108_bar1.png,176706,e46ce5f3dfad97468640aa2eca3ad8254b5d478e8d23db9300da2811dd6f673f
remastered\msn\us\EH26_MS108.bar\US_EH26_MS108_bar2.png,137490,8016c37e03bb7025645e6e0d77e7fe463cfda4bac5dee9257e0a813d19f14fb1
remastered\msn\us\HB04_KINOKO_DEM.bar\US_HB04_KINOKO_DEM_bar0.png,94331,a6525096068a495ef71c9ba11bfd2962d2a8ebe3c458a434ece463c3dd70d39b
remastered\msn\us\HB04_KINOKO_DEM.bar\US_HB04_KINOKO_DEM_bar1.png,187072,a33398d265563b977b8f726698fb03ba4601704d109b6b616005536780b9f767
remastered\msn\us\HB04_MS403.bar\US_HB04_MS403_bar0.png,230321,fc4ea874acdf039951e09adcf6c6516ecac7b1e17e88cfc3eba0091edbbe08df
remastered\msn\us\HB04_MS403.bar\US_HB04_MS403_bar1.png,146286,d046fd60381bb1d8c32767211ba29227034d0c737bf8e6545c06a17c83b74bec
remastered\msn\us\HB08_MS102.bar\US_HB08_MS102_bar0.png,113184,1cf5a616242e989fbc039fc8ad73f4158919be1baf63f00e56dcf8950afaa9a8
remastered\msn\us\HB09_SKATE_01.bar\US_HB09_SKATE_01_bar2.png,94331,a6525096068a495ef71c9ba11bfd2962d2a8ebe3c458a434ece463c3dd70d39b
remastered\msn\us\HB09_SKATE_01.bar\US_HB09_SKATE_01_bar3.png,404190,339adcb2a2e68be34277a1aadf4384ab341ca1d211db45b77ff346ce23f5cee3
remastered\msn\us\HB09_SKATE_01.bar\US_HB09_SKATE_01_bar4.png,311935,9a124d4a4f73599d10089562ef6901c7a94d53ae37693a4b7a73215982185074
remastered\msn\us\HB17_MS405.bar\US_HB17_MS405_bar0.png,152765,cefbe6757161df6d04aab1212048409f8a21274887b731fd6b104f903e2ed424
remastered\msn\us\HB32_FM_VEX.bar\US_HB32_FM_VEX_bar0.png,132583,2916922b37ccb8c7c013c037a9178085db8aa35b4369a513f4cd7eed292047e1
remastered\msn\us\HB33_FM_VEX.bar\US_HB33_FM_VEX_bar0.png,132583,2916922b37ccb8c7c013c037a9178085db8aa35b4369a513f4cd7eed292047e1
remastered\msn\us\HE00_MS104A.bar\US_HE00_MS104A_bar4.png,472379,010842360f50580e5a161ae155a936b00c37951de74e7ee1c3ec922149098fc2
remastered\msn\us\HE00_MS104B.bar\US_HE00_MS104B_bar4.png,472379,010842360f50580e5a161ae155a936b00c37951de74e7ee1c3ec922149098fc2
remastered\msn\us\HE02_MS104D.bar\US_HE02_MS104D_bar5.png,455395,28c91cd5dc4fe6b148ee7b8eba281e18697de44809d9ffd47bae41828b9763e9
remastered\msn\us\HE08_MS106.bar\US_HE08_MS106_bar0.png,155354,9e5ac7efdb5c9490ec5cf6d118b9485c7a9c6024ede7898731bbe46dd787c448
remastered\msn\us\HE08_MS107.bar\US_HE08_MS107_bar0.png,692964,2e5f4ed2fafefa7a3b7539eb8270c1d9174f22b43c646ae822723bb869a0ef77
remastered\msn\us\HE17_KINOKO_ZEX.bar\US_HE17_KINOKO_ZEX_bar0.png,94331,a6525096068a495ef71c9ba11bfd2962d2a8ebe3c458a434ece463c3dd70d39b
remastered\msn\us\HE17_KINOKO_ZEX.bar\US_HE17_KINOKO_ZEX_bar1.png,623096,7695c2005cc5ee38eab3c37f2894e8eb16f1705083c5b911f5140a71e0561633
remastered\msn\us\HE17_MS105.bar\US_HE17_MS105_bar0.png,230321,fc4ea874acdf039951e09adcf6c6516ecac7b1e17e88cfc3eba0091edbbe08df
remastered\msn\us\HE17_MS105.bar\US_HE17_MS105_bar1.png,146286,d046fd60381bb1d8c32767211ba29227034d0c737bf8e6545c06a17c83b74bec
remastered\msn\us\HE_COL_1_10.bar\US_HE_COL_1_10_bar2.dds,1048704,d5aaa9082f232d4ce4fd1a2b95dea9dd3114d67bd6c5d1c96d8320d03e3e3ad1
remastered\msn\us\HE_COL_1_10.bar\US_HE_COL_1_10_bar3.dds,2097280,58b64c570aac8706ce802b4325af99ed4a60622d58e4e23ee9dc6c5c136daa03
remastered\msn\us\HE_COL_1_8.bar\US_HE_COL_1_8_bar2.dds,1048704,d5aaa9082f232d4ce4fd1a2b95dea9dd3114d67bd6c5d1c96d8320d03e3e3ad1
remastered\msn\us\HE_COL_1_8.bar\US_HE_COL_1_8_bar3.dds,2097280,58b64c570aac8706ce802b4325af99ed4a60622d58e4e23ee9dc6c5c136daa03
remastered\msn\us\HE_COL_1_8.bar\US_HE_COL_1_8_bar4.dds,4194432,47568fb21cf4468ae2ade9b1b5c374b6874f760d3852375a4664f8c81c4eceb0
remastered\msn\us\HE_COL_2_10.bar\US_HE_COL_2_10_bar2.dds,1048704,d5aaa9082f232d4ce4fd1a2b95dea9dd3114d67bd6c5d1c96d8320d03e3e3ad1
remastered\msn\us\HE_COL_2_10.bar\US_HE_COL_2_10_bar3.dds,2097280,58b64c570aac8706ce802b4325af99ed4a60622d58e4e23ee9dc6c5c136daa03
remastered\msn\us\HE_COL_2_10.bar\US_HE_COL_2_10_bar5.dds,4194432,47568fb21cf4468ae2ade9b1b5c374b6874f760d3852375a4664f8c81c4eceb0
remastered\msn\us\HE_COL_4_1.bar\US_HE_COL_4_1_bar2.dds,1048704,d5aaa9082f232d4ce4fd1a2b95dea9dd3114d67bd6c5d1c96d8320d03e3e3ad1
remastered\msn\us\HE_COL_4_1.bar\US_HE_COL_4_1_bar3.dds,2097280,58b64c570aac8706ce802b4325af99ed4a60622d58e4e23ee9dc6c5c136daa03
remastered\msn\us\HE_COL_4_10.bar\US_HE_COL_4_10_bar2.dds,1048704,d5aaa9082f232d4ce4fd1a2b95dea9dd3114d67bd6c5d1c96d8320d03e3e3ad1
remastered\msn\us\HE_COL_4_10.bar\US_HE_COL_4_10_bar3.dds,2097280,58b64c570aac8706ce802b4325af99ed4a60622d58e4e23ee9dc6c5c136daa03
remastered\msn\us\HE_COL_4_2.bar\US_HE_COL_4_2_bar2.dds,1048704,d5aaa9082f232d4ce4fd1a2b95dea9dd3114d67bd6c5d1c96d8320d03e3e3ad1
remastered\msn\us\HE_COL_4_2.bar\US_HE_COL_4_2_bar3.dds,2097280,58b64c570aac8706ce802b4325af99ed4a60622d58e4e23ee9dc6c5c136daa03
remastered\msn\us\HE_COL_4_2.bar\US_HE_COL_4_2_bar5.dds,4194432,47568fb21cf4468ae2ade9b1b5c374b6874f760d3852375a4664f8c81c4eceb0
remastered\msn\us\HE_COL_4_3.bar\US_HE_COL_4_3_bar2.dds,1048704,d5aaa9082f232d4ce4fd1a2b95dea9dd3114d67bd6c5d1c96d8320d03e3e3ad1
remastered\msn\us\HE_COL_4_3.bar\US_HE_COL_4_3_bar3.dds,2097280,58b64c570aac8706ce802b4325af99ed4a60622d58e4e23ee9dc6c5c136daa03
remastered\msn\us\HE_COL_4_3.bar\US_HE_COL_4_3_bar5.dds,2097280,f57c11498978b774936d62e53453bb2fa3b35db7a77c300b52378b7deabb08ee
remastered\msn\us\HE_COL_4_4.bar\US_HE_COL_4_4_bar2.dds,1048704,d5aaa9082f232d4ce4fd1a2b95dea9dd3114d67bd6c5d1c96d8320d03e3e3ad1
remastered\msn\us\HE_COL_4_4.bar\US_HE_COL_4_4_bar3.dds,2097280,58b64c570aac8706ce802b4325af99ed4a60622d58e4e23ee9dc6c5c136daa03
remastered\msn\us\HE_COL_4_5.bar\US_HE_COL_4_5_bar2.dds,1048704,d5aaa9082f232d4ce4fd1a2b95dea9dd3114d67bd6c5d1c96d8320d03e3e3ad1
remastered\msn\us\HE_COL_4_5.bar\US_HE_COL_4_5_bar3.dds,2097280,58b64c570aac8706ce802b4325af99ed4a60622d58e4e23ee9dc6c5c136daa03
remastered\msn\us\HE_COL_4_6.bar\US_HE_COL_4_6_bar2.dds,1048704,d5aaa9082f232d4ce4fd1a2b95dea9dd3114d67bd6c5d1c96d8320d03e3e3ad1
remastered\msn\us\HE_COL_4_6.bar\US_HE_COL_4_6_bar3.dds,2097280,58b64c570aac8706ce802b4325af99ed4a60622d58e4e23ee9dc6c5c136daa03
remastered\msn\us\HE_COL_4_6.bar\US_HE_COL_4_6_bar5.dds,4194432,47568fb21cf4468ae2ade9b1b5c374b6874f760d3852375a4664f8c81c4eceb0
remastered\msn\us\HE_COL_4_7.bar\US_HE_COL_4_7_bar2.dds,1048704,d5aaa9082f232d4ce4fd1a2b95dea9dd3114d67bd6c5d1c96d8320d03e3e3ad1
remastered\msn\us\HE_COL_4_7.bar\US_HE_COL_4_7_bar3.dds,2097280,58b64c570aac8706ce802b4325af99ed4a60622d58e4e23ee9dc6c5c136daa03
remastered\msn\us\HE_COL_4_7.bar\US_HE_COL_4_7_bar5.dds,2097280,f57c11498978b774936d62e53453bb2fa3b35db7a77c300b52378b7deabb08ee
remastered\msn\us\HE_COL_4_8.bar\US_HE_COL_4_8_bar2.dds,1048704,d5aaa9082f232d4ce4fd1a2b95dea9dd3114d67bd6c5d1c96d8320d03e3e3ad1
remastered\msn\us\HE_COL_4_8.bar\US_HE_COL_4_8_bar3.dds,2097280,58b64c570aac8706ce802b4325af99ed4a60622d58e4e23ee9dc6c5c136daa03
remastered\msn\us\HE_COL_4_8.bar\US_HE_COL_4_8_bar4.dds,4194432,47568fb21cf4468ae2ade9b1b5c374b6874f760d3852375a4664f8c81c4eceb0
remastered\msn\us\HE_COL_4_9.bar\US_HE_COL_4_9_bar2.dds,1048704,d5aaa9082f232d4ce4fd1a2b95dea9dd3114d67bd6c5d1c96d8320d03e3e3ad1
remastered\msn\us\HE_COL_4_9.bar\US_HE_COL_4_9_bar3.dds,2097280,58b64c570aac8706ce802b4325af99ed4a60622d58e4e23ee9dc6c5c136daa03
remastered\msn\us\HE_COL_5.bar\US_HE_COL_5_bar2.dds,1048704,d5aaa9082f232d4ce4fd1a2b95dea9dd3114d67bd6c5d1c96d8320d03e3e3ad1
remastered\msn\us\HE_COL_5.bar\US_HE_COL_5_bar3.dds,2097280,58b64c570aac8706ce802b4325af99ed4a60622d58e4e23ee9dc6c5c136daa03
remastered\msn\us\HE_COL_5_10.bar\US_HE_COL_5_10_bar2.dds,1048704,d5aaa9082f232d4ce4fd1a2b95dea9dd3114d67bd6c5d1c96d8320d03e3e3ad1
remastered\msn\us\HE_COL_5_10.bar\US_HE_COL_5_10_bar3.dds,2097280,58b64c570aac8706ce802b4325af99ed4a60622d58e4e23ee9dc6c5c136daa03
remastered\msn\us\HE_COL_5_8.bar\US_HE_COL_5_8_bar2.dds,1048704,d5aaa9082f232d4ce4fd1a2b95dea9dd3114d67bd6c5d1c96d8320d03e3e3ad1
remastered\msn\us\HE_COL_5_8.bar\US_HE_COL_5_8_bar3.dds,2097280,58b64c570aac8706ce802b4325af99ed4a60622d58e4e23ee9dc6c5c136daa03
remastered\msn\us\HE_COL_5_8.bar\US_HE_COL_5_8_bar4.dds,4194432,47568fb21cf4468ae2ade9b1b5c374b6874f760d3852375a4664f8c81c4eceb0
remastered\msn\us\HE_COL_6_10.bar\US_HE_COL_6_10_bar2.dds,1048704,d5aaa9082f232d4ce4fd1a2b95dea9dd3114d67bd6c5d1c96d8320d03e3e3ad1
remastered\msn\us\HE_COL_6_10.bar\US_HE_COL_6_10_bar3.dds,2097280,58b64c570aac8706ce802b4325af99ed4a60622d58e4e23ee9dc6c5c136daa03
remastered\msn\us\HE_COL_6_10.bar\US_HE_COL_6_10_bar5.dds,4194432,47568fb21cf4468ae2ade9b1b5c374b6874f760d3852375a4664f8c81c4eceb0
remastered\msn\us\HE_COL_8_10.bar\US_HE_COL_8_10_bar2.dds,1048704,d5aaa9082f232d4ce4fd1a2b95dea9dd3114d67bd6c5d1c96d8320d03e3e3ad1
remastered\msn\us\HE_COL_8_10.bar\US_HE_COL_8_10_bar3.dds,2097280,58b64c570aac8706ce802b4325af99ed4a60622d58e4e23ee9dc6c5c136daa03
remastered\msn\us\HE_COL_8_25.bar\US_HE_COL_8_25_bar2.dds,1048704,d5aaa9082f232d4ce4fd1a2b95dea9dd3114d67bd6c5d1c96d8320d03e3e3ad1
remastered\msn\us\HE_COL_8_25.bar\US_HE_COL_8_25_bar3.dds,2097280,58b64c570aac8706ce802b4325af99ed4a60622d58e4e23ee9dc6c5c136daa03
remastered\msn\us\HE_COL_8_30.bar\US_HE_COL_8_30_bar2.dds,1048704,d5aaa9082f232d4ce4fd1a2b95dea9dd3114d67bd6c5d1c96d8320d03e3e3ad1
remastered\msn\us\HE_COL_8_30.bar\US_HE_COL_8_30_bar3.dds,2097280,58b64c570aac8706ce802b4325af99ed4a60622d58e4e23ee9dc6c5c136daa03
remastered\msn\us\HE_COL_8_31.bar\US_HE_COL_8_31_bar2.dds,1048704,d5aaa9082f232d4ce4fd1a2b95dea9dd3114d67bd6c5d1c96d8320d03e3e3ad1
remastered\msn\us\HE_COL_8_31.bar\US_HE_COL_8_31_bar3.dds,2097280,58b64c570aac8706ce802b4325af99ed4a60622d58e4e23ee9dc6c5c136daa03
remastered\msn\us\HE_COL_8_31.bar\US_HE_COL_8_31_bar4.dds,4194432,47568fb21cf4468ae2ade9b1b5c374b6874f760d3852375a4664f8c81c4eceb0
remastered\msn\us\HE_COL_8_35.bar\US_HE_COL_8_35_bar2.dds,1048704,d5aaa9082f232d4ce4fd1a2b95dea9dd3114d67bd6c5d1c96d8320d03e3e3ad1
remastered\msn\us\HE_COL_8_35.bar\US_HE_COL_8_35_bar3.dds,2097280,58b64c570aac8706ce802b4325af99ed4a60622d58e4e23ee9dc6c5c136daa03
remastered\msn\us\HE_COL_8_35.bar\US_HE_COL_8_35_bar4.dds,4194432,47568fb21cf4468ae2ade9b1b5c374b6874f760d3852375a4664f8c81c4eceb0
remastered\msn\us\HE_COL_8_40.bar\US_HE_COL_8_40_bar2.dds,1048704,d5aaa9082f232d4ce4fd1a2b95dea9dd3114d67bd6c5d1c96d8320d03e3e3ad1
remastered\msn\us\HE_COL_8_40.bar\US_HE_COL_8_40_bar3.dds,2097280,58b64c570aac8706ce802b4325af99ed4a60622d58e4e23ee9dc6c5c136daa03
remastered\msn\us\HE_COL_8_40.bar\US_HE_COL_8_40_bar5.dds,4194432,47568fb21cf4468ae2ade9b1b5c374b6874f760d3852375a4664f8c81c4eceb0
remastered\msn\us\HE_COL_8_45.bar\US_HE_COL_8_45_bar2.dds,1048704,d5aaa9082f232d4ce4fd1a2b95dea9dd3114d67bd6c5d1c96d8320d03e3e3ad1
remastered\msn\us\HE_COL_8_45.bar\US_HE_COL_8_45_bar3.dds,2097280,58b64c570aac8706ce802b4325af99ed4a60622d58e4e23ee9dc6c5c136daa03
remastered\msn\us\HE_COL_8_45.bar\US_HE_COL_8_45_bar4.dds,4194432,47568fb21cf4468ae2ade9b1b5c374b6874f760d3852375a4664f8c81c4eceb0
remastered\msn\us\HE_COL_8_49.bar\US_HE_COL_8_49_bar2.dds,1048704,d5aaa9082f232d4ce4fd1a2b95dea9dd3114d67bd6c5d1c96d8320d03e3e3ad1
remastered\msn\us\HE_COL_8_49.bar\US_HE_COL_8_49_bar3.dds,2097280,58b64c570aac8706ce802b4325af99ed4a60622d58e4e23ee9dc6c5c136daa03
remastered\msn\us\HE_COL_8_5.bar\US_HE_COL_8_5_bar2.dds,1048704,d5aaa9082f232d4ce4fd1a2b95dea9dd3114d67bd6c5d1c96d8320d03e3e3ad1
remastered\msn\us\HE_COL_8_5.bar\US_HE_COL_8_5_bar3.dds,2097280,58b64c570aac8706ce802b4325af99ed4a60622d58e4e23ee9dc6c5c136daa03
remastered\msn\us\HE_COL_8_50.bar\US_HE_COL_8_50_bar2.dds,1048704,d5aaa9082f232d4ce4fd1a2b95dea9dd3114d67bd6c5d1c96d8320d03e3e3ad1
remastered\msn\us\HE_COL_8_50.bar\US_HE_COL_8_50_bar3.dds,2097280,58b64c570aac8706ce802b4325af99ed4a60622d58e4e23ee9dc6c5c136daa03
remastered\msn\us\HE_COL_8_6.bar\US_HE_COL_8_6_bar2.dds,1048704,d5aaa9082f232d4ce4fd1a2b95dea9dd3114d67bd6c5d1c96d8320d03e3e3ad1
remastered\msn\us\HE_COL_8_6.bar\US_HE_COL_8_6_bar3.dds,2097280,58b64c570aac8706ce802b4325af99ed4a60622d58e4e23ee9dc6c5c136daa03
remastered\msn\us\HE_COL_8PP_BOSS.bar\US_HE_COL_8PP_BOSS_bar2.dds,1048704,d5aaa9082f232d4ce4fd1a2b95dea9dd3114d67bd6c5d1c96d8320d03e3e3ad1
remastered\msn\us\HE_COL_8PP_BOSS.bar\US_HE_COL_8PP_BOSS_bar3.dds,2097280,58b64c570aac8706ce802b4325af99ed4a60622d58e4e23ee9dc6c5c136daa03
remastered\msn\us\HE_COL_8PP_BOSS.bar\US_HE_COL_8PP_BOSS_bar5.dds,2097280,f57c11498978b774936d62e53453bb2fa3b35db7a77c300b52378b7deabb08ee
remastered\msn\us\HE_COL_8TI_BOSS.bar\US_HE_COL_8TI_BOSS_bar2.dds,1048704,d5aaa9082f232d4ce4fd1a2b95dea9dd3114d67bd6c5d1c96d8320d03e3e3ad1
remastered\msn\us\HE_COL_8TI_BOSS.bar\US_HE_COL_8TI_BOSS_bar3.dds,2097280,58b64c570aac8706ce802b4325af99ed4a60622d58e4e23ee9dc6c5c136daa03
remastered\msn\us\HE_COL_8TI_BOSS.bar\US_HE_COL_8TI_BOSS_bar5.dds,2097280,f57c11498978b774936d62e53453bb2fa3b35db7a77c300b52378b7deabb08ee
remastered\msn\us\HE_COLOSSEUM.bar\US_HE_COLOSSEUM_bar2.dds,1048704,d5aaa9082f232d4ce4fd1a2b95dea9dd3114d67bd6c5d1c96d8320d03e3e3ad1
remastered\msn\us\HE_COLOSSEUM.bar\US_HE_COLOSSEUM_bar3.dds,2097280,58b64c570aac8706ce802b4325af99ed4a60622d58e4e23ee9dc6c5c136daa03
remastered\msn\us\HE_COLOSSEUM_2.bar\US_HE_COLOSSEUM_2_bar2.dds,1048704,d5aaa9082f232d4ce4fd1a2b95dea9dd3114d67bd6c5d1c96d8320d03e3e3ad1
remastered\msn\us\HE_COLOSSEUM_2.bar\US_HE_COLOSSEUM_2_bar3.dds,2097280,58b64c570aac8706ce802b4325af99ed4a60622d58e4e23ee9dc6c5c136daa03
remastered\msn\us\HE_COLOSSEUM_2.bar\US_HE_COLOSSEUM_2_bar5.dds,4194432,47568fb21cf4468ae2ade9b1b5c374b6874f760d3852375a4664f8c81c4eceb0
remastered\msn\us\HE_COLOSSEUM_2_FOG.bar\US_HE_COLOSSEUM_2_FOG_bar2.dds,1048704,d5aaa9082f232d4ce4fd1a2b95dea9dd3114d67bd6c5d1c96d8320d03e3e3ad1
remastered\msn\us\HE_COLOSSEUM_2_FOG.bar\US_HE_COLOSSEUM_2_FOG_bar3.dds,2097280,58b64c570aac8706ce802b4325af99ed4a60622d58e4e23ee9dc6c5c136daa03
remastered\msn\us\HE_COLOSSEUM_2_FOG.bar\US_HE_COLOSSEUM_2_FOG_bar5.dds,4194432,47568fb21cf4468ae2ade9b1b5c374b6874f760d3852375a4664f8c81c4eceb0
remastered\msn\us\HE_COLOSSEUM_3.bar\US_HE_COLOSSEUM_3_bar2.dds,1048704,d5aaa9082f232d4ce4fd1a2b95dea9dd3114d67bd6c5d1c96d8320d03e3e3ad1
remastered\msn\us\HE_COLOSSEUM_3.bar\US_HE_COLOSSEUM_3_bar3.dds,2097280,58b64c570aac8706ce802b4325af99ed4a60622d58e4e23ee9dc6c5c136daa03
remastered\msn\us\HE_COLOSSEUM_3.bar\US_HE_COLOSSEUM_3_bar5.dds,2097280,f57c11498978b774936d62e53453bb2fa3b35db7a77c300b52378b7deabb08ee
remastered\msn\us\HE_COLOSSEUM_6.bar\US_HE_COLOSSEUM_6_bar2.dds,1048704,d5aaa9082f232d4ce4fd1a2b95dea9dd3114d67bd6c5d1c96d8320d03e3e3ad1
remastered\msn\us\HE_COLOSSEUM_6.bar\US_HE_COLOSSEUM_6_bar3.dds,2097280,58b64c570aac8706ce802b4325af99ed4a60622d58e4e23ee9dc6c5c136daa03
remastered\msn\us\HE_COLOSSEUM_6.bar\US_HE_COLOSSEUM_6_bar5.dds,4194432,47568fb21cf4468ae2ade9b1b5c374b6874f760d3852375a4664f8c81c4eceb0
remastered\msn\us\HE_COLOSSEUM_6_FOG.bar\US_HE_COLOSSEUM_6_FOG_bar2.dds,1048704,d5aaa9082f232d4ce4fd1a2b95dea9dd3114d67bd6c5d1c96d8320d03e3e3ad1
remastered\msn\us\HE_COLOSSEUM_6_FOG.bar\US_HE_COLOSSEUM_6_FOG_bar3.dds,2097280,58b64c570aac8706ce802b4325af99ed4a60622d58e4e23ee9dc6c5c136daa03
remastered\msn\us\HE_COLOSSEUM_6_FOG.bar\US_HE_COLOSSEUM_6_FOG_bar5.dds,4194432,47568fb21cf4468ae2ade9b1b5c374b6874f760d3852375a4664f8c81c4eceb0
remastered\msn\us\HE_COLOSSEUM_7.bar\US_HE_COLOSSEUM_7_bar2.dds,1048704,d5aaa9082f232d4ce4fd1a2b95dea9dd3114d67bd6c5d1c96d8320d03e3e3ad1
remastered\msn\us\HE_COLOSSEUM_7.bar\US_HE_COLOSSEUM_7_bar3.dds,2097280,58b64c570aac8706ce802b4325af99ed4a60622d58e4e23ee9dc6c5c136daa03
remastered\msn\us\HE_COLOSSEUM_7.bar\US_HE_COLOSSEUM_7_bar5.dds,2097280,f57c11498978b774936d62e53453bb2fa3b35db7a77c300b52378b7deabb08ee
remastered\msn\us\HE_COLOSSEUM_8.bar\US_HE_COLOSSEUM_8_bar2.dds,1048704,d5aaa9082f232d4ce4fd1a2b95dea9dd3114d67bd6c5d1c96d8320d03e3e3ad1
remastered\msn\us\HE_COLOSSEUM_8.bar\US_HE_COLOSSEUM_8_bar3.dds,2097280,58b64c570aac8706ce802b4325af99ed4a60622d58e4e23ee9dc6c5c136daa03
remastered\msn\us\HE_COLOSSEUM_8_CEL.bar\US_HE_COLOSSEUM_8_CEL_bar2.dds,1048704,d5aaa9082f232d4ce4fd1a2b95dea9dd3114d67bd6c5d1c96d8320d03e3e3ad1
remastered\msn\us\HE_COLOSSEUM_8_CEL.bar\US_HE_COLOSSEUM_8_CEL_bar3.dds,2097280,58b64c570aac8706ce802b4325af99ed4a60622d58e4e23ee9dc6c5c136daa03
remastered\msn\us\HE_COLOSSEUM_8_CEL.bar\US_HE_COLOSSEUM_8_CEL_bar5.dds,4194432,47568fb21cf4468ae2ade9b1b5c374b6874f760d3852375a4664f8c81c4eceb0
remastered\msn\us\HE_COLOSSEUM_8_ONLY.bar\US_HE_COLOSSEUM_8_ONLY_bar2.dds,1048704,d5aaa9082f232d4ce4fd1a2b95dea9dd3114d67bd6c5d1c96d8320d03e3e3ad1
remastered\msn\us\HE_COLOSSEUM_8_ONLY.bar\US_HE_COLOSSEUM_8_ONLY_bar3.dds,2097280,58b64c570aac8706ce802b4325af99ed4a60622d58e4e23ee9dc6c5c136daa03
remastered\msn\us\HE_COLOSSEUM_8_PP.bar\US_HE_COLOSSEUM_8_PP_bar2.dds,1048704,d5aaa9082f232d4ce4fd1a2b95dea9dd3114d67bd6c5d1c96d8320d03e3e3ad1
remastered\msn\us\HE_COLOSSEUM_8_PP.bar\US_HE_COLOSSEUM_8_PP_bar3.dds,2097280,58b64c570aac8706ce802b4325af99ed4a60622d58e4e23ee9dc6c5c136daa03
remastered\msn\us\HE_COLOSSEUM_8_TIT.bar\US_HE_COLOSSEUM_8_TIT_bar2.dds,1048704,d5aaa9082f232d4ce4fd1a2b95dea9dd3114d67bd6c5d1c96d8320d03e3e3ad1
remastered\msn\us\HE_COLOSSEUM_8_TIT.bar\US_HE_COLOSSEUM_8_TIT_bar3.dds,2097280,58b64c570aac8706ce802b4325af99ed4a60622d58e4e23ee9dc6c5c136daa03
remastered\msn\us\HE_COLOSSEUM_8_TIT.bar\US_HE_COLOSSEUM_8_TIT_bar5.dds,2097280,f57c11498978b774936d62e53453bb2fa3b35db7a77c300b52378b7deabb08ee
remastered\msn\us\LK02_MS102.bar\US_LK02_MS102_bar0.png,156698,576b0ba5dbc37e3d58c363fa8be00fc525b21921d8a338edc1a27450846b31cf
remastered\msn\us\LM01_MS201.bar\US_LM01_MS201_bar0.png,301933,a87f18537d8e2cb8849f83d1f8cc1949f64ea64c76f3f362e9e7c27c527ca224
remastered\msn\us\LM01_MS201_FREE.bar\US_LM01_MS201_FREE_bar0.png,301933,a87f18537d8e2cb8849f83d1f8cc1949f64ea64c76f3f362e9e7c27c527ca224
remastered\msn\us\LM02_MS102.bar\US_LM02_MS102_bar0.png,274733,9412fd39fcf3effa6ea0911ab35ee4c92d8a57837d8077182b3cb1201c0c1ecb
remastered\msn\us\LM03_MS301.bar\US_LM03_MS301_bar0.png,254483,3523d04461f1dd86fe83ad0cffe0b4c9d6875efc977050c48160b9265a0c33e4
remastered\msn\us\LM03_MS301_FREE.bar\US_LM03_MS301_FREE_bar0.png,254483,3523d04461f1dd86fe83ad0cffe0b4c9d6875efc977050c48160b9265a0c33e4
remastered\msn\us\LM04_MS103.bar\US_LM04_MS103_bar0.png,288945,89f25007b703bf06d14db8cf399b004f2846b7b1ff5f6f25e5039418553f5a33
remastered\msn\us\LM04_MS103_FREE.bar\US_LM04_MS103_FREE_bar0.png,288945,89f25007b703bf06d14db8cf399b004f2846b7b1ff5f6f25e5039418553f5a33
remastered\msn\us\LM04_MS501.bar\US_LM04_MS501_bar0.png,256373,475fbcfe20267da93ca7a95fd32ad0ea542786c62888dddc051a2dfe51adc90a
remastered\msn\us\LM04_MS501_FREE.bar\US_LM04_MS501_FREE_bar0.png,256373,475fbcfe20267da93ca7a95fd32ad0ea542786c62888dddc051a2dfe51adc90a
remastered\msn\us\LM09_MS401.bar\US_LM09_MS401_bar0.png,260364,d8b8d6215136a130fd05ba5066ad3c33c1db684ff02c3202ade7d6195e17b7fc
remastered\msn\us\LM09_MS401_FREE.bar\US_LM09_MS401_FREE_bar0.png,260364,d8b8d6215136a130fd05ba5066ad3c33c1db684ff02c3202ade7d6195e17b7fc
remastered\msn\us\MU01_MS102.bar\US_MU01_MS102_bar0.png,95206,5db6a980a3e278051fc3b3967958cebe19e855d3cec9409422f061a5f129fcbe
remastered\msn\us\MU01_MS103C.bar\US_MU01_MS103C_bar0.png,150445,7a487eecab4d1d77b6cf81d90c1c352cfe9a3dc3c18843f5c0bccf9419ff1a2f
remastered\msn\us\MU01_MS103C.bar\US_MU01_MS103C_bar1.png,95206,5db6a980a3e278051fc3b3967958cebe19e855d3cec9409422f061a5f129fcbe
remastered\msn\us\MU02_MS103A.bar\US_MU02_MS103A_bar0.png,150445,7a487eecab4d1d77b6cf81d90c1c352cfe9a3dc3c18843f5c0bccf9419ff1a2f
remastered\msn\us\MU02_MS103A.bar\US_MU02_MS103A_bar1.png,95206,5db6a980a3e278051fc3b3967958cebe19e855d3cec9409422f061a5f129fcbe
remastered\msn\us\MU02_MS103B.bar\US_MU02_MS103B_bar0.png,95206,5db6a980a3e278051fc3b3967958cebe19e855d3cec9409422f061a5f129fcbe
remastered\msn\us\MU03_MS104.bar\US_MU03_MS104_bar0.png,95206,5db6a980a3e278051fc3b3967958cebe19e855d3cec9409422f061a5f129fcbe
remastered\msn\us\MU07_MS106.bar\US_MU07_MS106_bar0.png,797438,346b0a20586ef1650fcffd7951fe59d537b161221d72f8ce1858304142782f1e
remastered\msn\us\MU07_MS106.bar\US_MU07_MS106_bar1.png,150445,7a487eecab4d1d77b6cf81d90c1c352cfe9a3dc3c18843f5c0bccf9419ff1a2f
remastered\msn\us\MU09_KINOKO_VEX.bar\US_MU09_KINOKO_VEX_bar0.png,92904,bc5df49b8f11a6bd26decb6d49fe3b3e6a77c4ec11acbbf3b13881608b7b586f
remastered\msn\us\MU09_KINOKO_VEX.bar\US_MU09_KINOKO_VEX_bar1.png,185237,acc3c677d96ab9f0f8418b630069fdc292a718cef8e2959dbdbfe54bd0926575
remastered\msn\us\MU09_MS108.bar\US_MU09_MS108_bar0.png,115382,ca17361262eac793b513b804189c7def7ff5ecc1e5a8839fb63dab699d0e2c37
remastered\msn\us\NM00_MS202.bar\US_NM00_MS202_bar1.png,155236,c6f1a1971979fdd37b6055ec544453496c12bf531f2e76b6723568c56107bc0b
remastered\msn\us\NM07_KINOKO_XIG.bar\US_NM07_KINOKO_XIG_bar0.png,92904,bc5df49b8f11a6bd26decb6d49fe3b3e6a77c4ec11acbbf3b13881608b7b586f
remastered\msn\us\NM07_KINOKO_XIG.bar\US_NM07_KINOKO_XIG_bar1.png,185237,acc3c677d96ab9f0f8418b630069fdc292a718cef8e2959dbdbfe54bd0926575
remastered\msn\us\NM09_SKATE_01.bar\US_NM09_SKATE_01_bar2.png,92904,bc5df49b8f11a6bd26decb6d49fe3b3e6a77c4ec11acbbf3b13881608b7b586f
remastered\msn\us\NM09_SKATE_01.bar\US_NM09_SKATE_01_bar3.png,192884,485538db5d992ef8327d8de474cf86a67de0298c2bb6aec9207f0a075bb8b174
remastered\msn\us\NM09_SKATE_01.bar\US_NM09_SKATE_01_bar4.png,708842,c4f4072fd8d4e587215c9fc02e8dfa5de8f9301be0985ba122bb8fc7aa5f608c
remastered\msn\us\NM09_SKATE_01.bar\US_NM09_SKATE_01_bar5.png,296723,cdb4ae10329d1afa86dfb52ff4d3a63cd411572ba568d81cea43dc57ffed6b91
remastered\msn\us\NM10_MS203.bar\US_NM10_MS203_bar4.png,413676,63d36ff319152d825f2fa1b7c2676ee89d241d8cf58c4ac17d93a577c062e7a1
remastered\msn\us\NM10_MS203_FREE.bar\US_NM10_MS203_FREE_bar6.png,413676,63d36ff319152d825f2fa1b7c2676ee89d241d8cf58c4ac17d93a577c062e7a1
remastered\msn\us\PO01_MS501.bar\US_PO01_MS501_bar5.png,238850,51074c42a37bbd8203e5a5d8b7ee725ea7f2d5e4c6095ce525d41a43f8d20778
remastered\msn\us\PO01_MS501_FREE.bar\US_PO01_MS501_FREE_bar6.png,239683,8493d6f82ba964aa6f801726c60b642bac74378565ffcf28431dab7e70a2d445
remastered\msn\us\PO06_MS101.bar\US_PO06_MS101_bar4.png,268258,d3475532c650bebcf42866822a4737509100151e52534c98e18da34c9eb55c4c
remastered\msn\us\PO06_MS101_FREE.bar\US_PO06_MS101_FREE_bar4.png,331539,e4d4496c5084f44d604653a3fc5d45d515fe40c43fed4b911ea13dfef9b19665
remastered\msn\us\PO07_MS201.bar\US_PO07_MS201_bar4.png,376018,59903b80bdedf52557959c54bc0c78bff6410356002fac628a5d949176846a71
remastered\msn\us\PO07_MS201_FREE.bar\US_PO07_MS201_FREE_bar4.png,220354,56825a3256b20aae2455fefefd72f695da211fff8e3bc303fe94e5e52b7c2668
remastered\msn\us\PO08_MS301.bar\US_PO08_MS301_bar5.png,549028,ae20c1f38798f6a7328d867b2d6cb5c12cafb7c0aed414443689839ce91466f1
remastered\msn\us\PO08_MS301_FREE.bar\US_PO08_MS301_FREE_bar5.png,464836,d398e45b1f1bfdf3dd902b4fdad212adf864c86aa1023bc2a9ca0a797784c852
remastered\msn\us\PO09_MS401.bar\US_PO09_MS401_bar5.png,265506,4a2227597b254aca448b227b3319e2d66c575a688b7eda9cf4802b7e7c54e49f
remastered\msn\us\PO09_MS401_FREE.bar\US_PO09_MS401_FREE_bar5.png,265522,47d282fd58c7a5f5c0abbcf377c5466bba77453a5c9a422362702ac480091ef2
remastered\msn\us\TR01_MS101.bar\US_TR01_MS101_bar2.png,125035,03639e579b8ec912ebb02a7ae7e55a5dce36042e4c0e30f7fcb6956bc6f120d8
remastered\msn\us\TR01_MS101.bar\US_TR01_MS101_bar3.png,794004,520b0cd0ea7176b432ff8ca322711b0dd28ab2917b7aa77700cd262ec8464ffd
remastered\msn\us\TR02_MS102_FREE.bar\US_TR02_MS102_FREE_bar1.png,92904,bc5df49b8f11a6bd26decb6d49fe3b3e6a77c4ec11acbbf3b13881608b7b586f
remastered\msn\us\TR02_MS102_FREE.bar\US_TR02_MS102_FREE_bar2.png,193063,4d1e64919d516d219960caf153b55b5e0f8f42ab8549eace480de92a817b3e4e
remastered\msn\us\TR02_MS102_FREE.bar\US_TR02_MS102_FREE_bar3.png,405276,86192d111257edbbb46e5beabe723a31fd0d0219237b2de9b0a89fc2f187b135
remastered\msn\us\TR02_MS102A.bar\US_TR02_MS102A_bar1.png,150445,7a487eecab4d1d77b6cf81d90c1c352cfe9a3dc3c18843f5c0bccf9419ff1a2f
remastered\msn\us\TR02_MS102A.bar\US_TR02_MS102A_bar2.png,405276,86192d111257edbbb46e5beabe723a31fd0d0219237b2de9b0a89fc2f187b135
remastered\msn\us\TR02_MS102B.bar\US_TR02_MS102B_bar1.png,405276,86192d111257edbbb46e5beabe723a31fd0d0219237b2de9b0a89fc2f187b135
remastered\msn\us\TR03_MS103.bar\US_TR03_MS103_bar0.png,125035,03639e579b8ec912ebb02a7ae7e55a5dce36042e4c0e30f7fcb6956bc6f120d8
remastered\msn\us\TR03_MS103.bar\US_TR03_MS103_bar1.png,794004,520b0cd0ea7176b432ff8ca322711b0dd28ab2917b7aa77700cd262ec8464ffd
remastered\msn\us\TR04_MS104.bar\US_TR04_MS104_bar0.png,125035,03639e579b8ec912ebb02a7ae7e55a5dce36042e4c0e30f7fcb6956bc6f120d8
remastered\msn\us\TR07_MS203.bar\US_TR07_MS203_bar0.png,113949,f9c604f97aac6099d5f10d3cafc9eccb6aeff9190bfddb9d87499cf8e11a9cce
remastered\msn\us\TT04_MS00.bar\US_TT04_MS00_bar6.png,135605,8e3730966207d5e3e3d81649958aa14f47825a8b9c85571ff12f7ff781df5c33
remastered\msn\us\TT04_MS01.bar\US_TT04_MS01_bar6.png,135605,8e3730966207d5e3e3d81649958aa14f47825a8b9c85571ff12f7ff781df5c33
remastered\msn\us\TT04_MS02.bar\US_TT04_MS02_bar6.png,135605,8e3730966207d5e3e3d81649958aa14f47825a8b9c85571ff12f7ff781df5c33
remastered\msn\us\TT05_MS401.bar\US_TT05_MS401_bar6.png,135605,8e3730966207d5e3e3d81649958aa14f47825a8b9c85571ff12f7ff781df5c33
remastered\msn\us\TT05_MS402.bar\US_TT05_MS402_bar6.png,135605,8e3730966207d5e3e3d81649958aa14f47825a8b9c85571ff12f7ff781df5c33
remastered\msn\us\TT05_MS405.bar\US_TT05_MS405_bar6.png,135605,8e3730966207d5e3e3d81649958aa14f47825a8b9c85571ff12f7ff781df5c33
remastered\msn\us\TT06_BAGGAGE_01.bar\US_TT06_BAGGAGE_01_bar2.png,226089,d21cdc8409ec3b756dfd8d1bda07ae3fd1639d32566c87d654e00b550a3de073
remastered\msn\us\TT06_BAGGAGE_01.bar\US_TT06_BAGGAGE_01_bar3.png,285605,d31c00013559ef4f8ebefb2208344a8c22f2046123168bfbab50ca10bbf780cf
remastered\msn\us\TT06_BAGGAGE_02.bar\US_TT06_BAGGAGE_02_bar2.png,92904,bc5df49b8f11a6bd26decb6d49fe3b3e6a77c4ec11acbbf3b13881608b7b586f
remastered\msn\us\TT06_BAGGAGE_02.bar\US_TT06_BAGGAGE_02_bar3.png,182185,2a40f1611c459f28c1e0874bcf2fffe6ef8b0a988778461f3570c74f1438ecdf
remastered\msn\us\TT06_BAGGAGE_02.bar\US_TT06_BAGGAGE_02_bar4.png,285605,d31c00013559ef4f8ebefb2208344a8c22f2046123168bfbab50ca10bbf780cf
remastered\msn\us\TT06_LETTER_01.bar\US_TT06_LETTER_01_bar2.png,226089,d21cdc8409ec3b756dfd8d1bda07ae3fd1639d32566c87d654e00b550a3de073
remastered\msn\us\TT06_LETTER_01.bar\US_TT06_LETTER_01_bar3.png,145671,9d498412ba81c90ea49922005654d3d5a499e682af4d5a5b4ca955e8363caf9d
remastered\msn\us\TT06_LETTER_01.bar\US_TT06_LETTER_01_bar4.png,339185,290484ec31bf48f7fac08ce226dd552bdbc57af021e8dcb0eb6765e6556b85d2
remastered\msn\us\TT06_LETTER_02.bar\US_TT06_LETTER_02_bar2.png,92904,bc5df49b8f11a6bd26decb6d49fe3b3e6a77c4ec11acbbf3b13881608b7b586f
remastered\msn\us\TT06_LETTER_02.bar\US_TT06_LETTER_02_bar3.png,182185,2a40f1611c459f28c1e0874bcf2fffe6ef8b0a988778461f3570c74f1438ecdf
remastered\msn\us\TT06_LETTER_02.bar\US_TT06_LETTER_02_bar4.png,145671,9d498412ba81c90ea49922005654d3d5a499e682af4d5a5b4ca955e8363caf9d
remastered\msn\us\TT06_LETTER_02.bar\US_TT06_LETTER_02_bar5.png,339185,290484ec31bf48f7fac08ce226dd552bdbc57af021e8dcb0eb6765e6556b85d2
remastered\msn\us\TT06_PERFORM_01.bar\US_TT06_PERFORM_01_bar2.png,394494,b7174355b8b4326d35673cb011f21927d3d97a8efcba9dd948b3d73ce1dbbc8e
remastered\msn\us\TT06_PERFORM_01.bar\US_TT06_PERFORM_01_bar3.png,138368,ce94079aaeab9d036f60e68a4ee1fe53964e8409d6a560bc356754559ae97e4b
remastered\msn\us\TT06_PERFORM_01.bar\US_TT06_PERFORM_01_bar4.png,263317,3970be1c6196f40f514cfe8041866fbc281950ab1f2c3788d1533c10a5e84969
remastered\msn\us\TT06_PERFORM_02.bar\US_TT06_PERFORM_02_bar2.png,92904,bc5df49b8f11a6bd26decb6d49fe3b3e6a77c4ec11acbbf3b13881608b7b586f
remastered\msn\us\TT06_PERFORM_02.bar\US_TT06_PERFORM_02_bar3.png,138368,ce94079aaeab9d036f60e68a4ee1fe53964e8409d6a560bc356754559ae97e4b
remastered\msn\us\TT06_PERFORM_02.bar\US_TT06_PERFORM_02_bar4.png,394494,b7174355b8b4326d35673cb011f21927d3d97a8efcba9dd948b3d73ce1dbbc8e
remastered\msn\us\TT06_PERFORM_02.bar\US_TT06_PERFORM_02_bar5.png,263317,3970be1c6196f40f514cfe8041866fbc281950ab1f2c3788d1533c10a5e84969
remastered\msn\us\TT06_WORK_BAGGAGE.bar\US_TT06_WORK_BAGGAGE_bar2.png,226089,d21cdc8409ec3b756dfd8d1bda07ae3fd1639d32566c87d654e00b550a3de073
remastered\msn\us\TT06_WORK_BAGGAGE.bar\US_TT06_WORK_BAGGAGE_bar3.png,285605,d31c00013559ef4f8ebefb2208344a8c22f2046123168bfbab50ca10bbf780cf
remastered\msn\us\TT06_WORK_LETTER.bar\US_TT06_WORK_LETTER_bar2.png,226089,d21cdc8409ec3b756dfd8d1bda07ae3fd1639d32566c87d654e00b550a3de073
remastered\msn\us\TT06_WORK_LETTER.bar\US_TT06_WORK_LETTER_bar3.png,145671,9d498412ba81c90ea49922005654d3d5a499e682af4d5a5b4ca955e8363caf9d
remastered\msn\us\TT06_WORK_LETTER.bar\US_TT06_WORK_LETTER_bar4.png,339185,290484ec31bf48f7fac08ce226dd552bdbc57af021e8dcb0eb6765e6556b85d2
remastered\msn\us\TT06_WORK_PERFORM.bar\US_TT06_WORK_PERFORM_bar2.png,394494,b7174355b8b4326d35673cb011f21927d3d97a8efcba9dd948b3d73ce1dbbc8e
remastered\msn\us\TT06_WORK_PERFORM.bar\US_TT06_WORK_PERFORM_bar3.png,138368,ce94079aaeab9d036f60e68a4ee1fe53964e8409d6a560bc356754559ae97e4b
remastered\msn\us\TT06_WORK_PERFORM.bar\US_TT06_WORK_PERFORM_bar4.png,263317,3970be1c6196f40f514cfe8041866fbc281950ab1f2c3788d1533c10a5e84969
remastered\msn\us\TT07_CLEAN_01.bar\US_TT07_CLEAN_01_bar2.png,193370,ff41affddd609035e61c5acdd3952f53c3fbb025d586c2fedd5bc31fdcfe82c6
remastered\msn\us\TT07_CLEAN_01.bar\US_TT07_CLEAN_01_bar3.png,155103,f74430e3e66d3543099756128969691d1c406c0002852bfae3adb865bef25e60
remastered\msn\us\TT07_CLEAN_01.bar\US_TT07_CLEAN_01_bar4.png,374388,1864bda51d21e0707cae53bb50fb18dd3efb79d5a34c33cfedc49ecd1cb29c71
remastered\msn\us\TT07_CLEAN_02.bar\US_TT07_CLEAN_02_bar2.png,92904,bc5df49b8f11a6bd26decb6d49fe3b3e6a77c4ec11acbbf3b13881608b7b586f
remastered\msn\us\TT07_CLEAN_02.bar\US_TT07_CLEAN_02_bar3.png,155103,f74430e3e66d3543099756128969691d1c406c0002852bfae3adb865bef25e60
remastered\msn\us\TT07_CLEAN_02.bar\US_TT07_CLEAN_02_bar4.png,193370,ff41affddd609035e61c5acdd3952f53c3fbb025d586c2fedd5bc31fdcfe82c6
remastered\msn\us\TT07_CLEAN_02.bar\US_TT07_CLEAN_02_bar5.png,374388,1864bda51d21e0707cae53bb50fb18dd3efb79d5a34c33cfedc49ecd1cb29c71
remastered\msn\us\TT07_POSTER_01.bar\US_TT07_POSTER_01_bar2.png,226089,d21cdc8409ec3b756dfd8d1bda07ae3fd1639d32566c87d654e00b550a3de073
remastered\msn\us\TT07_POSTER_01.bar\US_TT07_POSTER_01_bar3.png,159165,9d519edfc48b3dca0348676e6f58dee113740082ccb3c9087698b4ba5960210c
remastered\msn\us\TT07_POSTER_01.bar\US_TT07_POSTER_01_bar4.png,365348,e0ba7c9a382e847326e5694e077322575feb76a3375a61685f85f31447dea6c6
remastered\msn\us\TT07_POSTER_02.bar\US_TT07_POSTER_02_bar2.png,92904,bc5df49b8f11a6bd26decb6d49fe3b3e6a77c4ec11acbbf3b13881608b7b586f
remastered\msn\us\TT07_POSTER_02.bar\US_TT07_POSTER_02_bar3.png,182185,2a40f1611c459f28c1e0874bcf2fffe6ef8b0a988778461f3570c74f1438ecdf
remastered\msn\us\TT07_POSTER_02.bar\US_TT07_POSTER_02_bar4.png,159165,9d519edfc48b3dca0348676e6f58dee113740082ccb3c9087698b4ba5960210c
remastered\msn\us\TT07_POSTER_02.bar\US_TT07_POSTER_02_bar5.png,365348,e0ba7c9a382e847326e5694e077322575feb76a3375a61685f85f31447dea6c6
remastered\msn\us\TT07_SKATE_01.bar\US_TT07_SKATE_01_bar2.png,92904,bc5df49b8f11a6bd26decb6d49fe3b3e6a77c4ec11acbbf3b13881608b7b586f
remastered\msn\us\TT07_SKATE_01.bar\US_TT07_SKATE_01_bar3.png,189755,66e4e546bc57d914ba432572c39ef6b499b6561e4b4399d88c960f768ccfcc36
remastered\msn\us\TT07_SKATE_01.bar\US_TT07_SKATE_01_bar4.png,180138,87cf25c22e0d6f5ee03389ecbc17adb45fff2c49d8fce69fd164a7259da3a7b6
remastered\msn\us\TT07_SKATE_01.bar\US_TT07_SKATE_01_bar5.png,278296,c70ea7b42373169239d818ec7f28ccc690be43dd0a96bbcb2408ea9fc3b43f81
remastered\msn\us\TT07_WORK_CLEAN.bar\US_TT07_WORK_CLEAN_bar2.png,193370,ff41affddd609035e61c5acdd3952f53c3fbb025d586c2fedd5bc31fdcfe82c6
remastered\msn\us\TT07_WORK_CLEAN.bar\US_TT07_WORK_CLEAN_bar3.png,155103,f74430e3e66d3543099756128969691d1c406c0002852bfae3adb865bef25e60
remastered\msn\us\TT07_WORK_CLEAN.bar\US_TT07_WORK_CLEAN_bar4.png,374388,1864bda51d21e0707cae53bb50fb18dd3efb79d5a34c33cfedc49ecd1cb29c71
remastered\msn\us\TT07_WORK_POSTER.bar\US_TT07_WORK_POSTER_bar2.png,226089,d21cdc8409ec3b756dfd8d1bda07ae3fd1639d32566c87d654e00b550a3de073
remastered\msn\us\TT07_WORK_POSTER.bar\US_TT07_WORK_POSTER_bar3.png,159165,9d519edfc48b3dca0348676e6f58dee113740082ccb3c9087698b4ba5960210c
remastered\msn\us\TT07_WORK_POSTER.bar\US_TT07_WORK_POSTER_bar4.png,365348,e0ba7c9a382e847326e5694e077322575feb76a3375a61685f85f31447dea6c6
remastered\msn\us\TT07_WORK_WORM.bar\US_TT07_WORK_WORM_bar2.png,226089,d21cdc8409ec3b756dfd8d1bda07ae3fd1639d32566c87d654e00b550a3de073
remastered\msn\us\TT07_WORK_WORM.bar\US_TT07_WORK_WORM_bar3.png,227173,7617b4a7ffbae135e0fb9036ae01d517baa79a0979005a80ff4f34f92e4f727d
remastered\msn\us\TT07_WORM_01.bar\US_TT07_WORM_01_bar2.png,226089,d21cdc8409ec3b756dfd8d1bda07ae3fd1639d32566c87d654e00b550a3de073
remastered\msn\us\TT07_WORM_01.bar\US_TT07_WORM_01_bar3.png,227173,7617b4a7ffbae135e0fb9036ae01d517baa79a0979005a80ff4f34f92e4f727d
remastered\msn\us\TT07_WORM_02.bar\US_TT07_WORM_02_bar2.png,92904,bc5df49b8f11a6bd26decb6d49fe3b3e6a77c4ec11acbbf3b13881608b7b586f
remastered\msn\us\TT07_WORM_02.bar\US_TT07_WORM_02_bar3.png,182185,2a40f1611c459f28c1e0874bcf2fffe6ef8b0a988778461f3570c74f1438ecdf
remastered\msn\us\TT07_WORM_02.bar\US_TT07_WORM_02_bar4.png,227173,7617b4a7ffbae135e0fb9036ae01d517baa79a0979005a80ff4f34f92e4f727d
remastered\msn\us\TT12_WORK_BOX.bar\US_TT12_WORK_BOX_bar3.png,126903,8ce551469212be16ae52d2f5665b472162ac94992c82f57aedbb4e179c30b676
remastered\msn\us\TT14_KINOKO_LAR.bar\US_TT14_KINOKO_LAR_bar0.png,92904,bc5df49b8f11a6bd26decb6d49fe3b3e6a77c4ec11acbbf3b13881608b7b586f
remastered\msn\us\TT14_KINOKO_LAR.bar\US_TT14_KINOKO_LAR_bar1.png,185237,acc3c677d96ab9f0f8418b630069fdc292a718cef8e2959dbdbfe54bd0926575
remastered\msn\us\TT14_KINOKO_LAR.bar\US_TT14_KINOKO_LAR_bar2.png,617236,8ca1d30a084e0356a637d94a985cc89775b0898156e4f534a87cf5c1d28779a2
remastered\msn\us\TT25_KINOKO_AXE.bar\US_TT25_KINOKO_AXE_bar0.png,92904,bc5df49b8f11a6bd26decb6d49fe3b3e6a77c4ec11acbbf3b13881608b7b586f
remastered\msn\us\TT25_KINOKO_AXE.bar\US_TT25_KINOKO_AXE_bar1.png,185237,acc3c677d96ab9f0f8418b630069fdc292a718cef8e2959dbdbfe54bd0926575
remastered\msn\us\TT36_KINOKO_SAI.bar\US_TT36_KINOKO_SAI_bar0.png,92904,bc5df49b8f11a6bd26decb6d49fe3b3e6a77c4ec11acbbf3b13881608b7b586f
remastered\msn\us\TT36_KINOKO_SAI.bar\US_TT36_KINOKO_SAI_bar1.png,617236,8ca1d30a084e0356a637d94a985cc89775b0898156e4f534a87cf5c1d28779a2
remastered\msn\us\TT40_KINOKO_AXE.bar\US_TT40_KINOKO_AXE_bar1.dds,524416,14ed89e40a9d629a9d7697b8273d8eafaac7c8123c2d77caa9a909f3152648cf
remastered\msn\us\WI02_KINOKO_MAR.bar\US_WI02_KINOKO_MAR_bar0.png,92904,bc5df49b8f11a6bd26decb6d49fe3b3e6a77c4ec11acbbf3b13881608b7b586f
remastered\msn\us\WI02_KINOKO_MAR.bar\US_WI02_KINOKO_MAR_bar1.png,617236,8ca1d30a084e0356a637d94a985cc89775b0898156e4f534a87cf5c1d28779a2
remastered\msn\us\WI02_MS103.bar\US_WI02_MS103_bar0.png,582805,4289ecb2eefdba68104b58e114b1f89fa47b944ca7c698b01e1cc3d7326c2c3e
remastered\msn\us\WI04_MS102C.bar\US_WI04_MS102C_bar0.png,108108,c7520ce128833e914091c39d41cf94491b8f61feb2cc113e2cba697d88149b1e
remastered\msn\us\WI05_MS102D.bar\US_WI05_MS102D_bar0.png,108108,c7520ce128833e914091c39d41cf94491b8f61feb2cc113e2cba697d88149b1e
remastered\msn\us\WI06_MS102B.bar\US_WI06_MS102B_bar0.png,108108,c7520ce128833e914091c39d41cf94491b8f61feb2cc113e2cba697d88149b1e
remastered\msn\us\WI07_MS102A.bar\US_WI07_MS102A_bar0.png,108108,c7520ce128833e914091c39d41cf94491b8f61feb2cc113e2cba697d88149b1e
